,Date,HomeTeam,AwayTeam,FTHG,FTAG,FTR,HTHG,HTAG,HTR,Referee,H_GS_H,H_GS_A,H_GR_H,H_GR_A,H_TGS,H_TGR,H_AvGS_H,H_AvGS_A,H_AvGR_H,H_AvGR_A,H_Av_TGS,H_Av_TGR,H_Pnt_H,H_Pnt_A,H_Av_Pnt_H,H_Av_pnt_A,H_T_pnt,H_Av_T_pnt,Aw_GS_H,Aw_GS_A,Aw_GR_H,Aw_GR_A,Aw_TGS,Aw_TGR,Aw_AvGS_H,Aw_AvGS_A,Aw_AvGR_H,Aw_AvGR_A,Aw_Av_TGS,Aw_Av_TGR,Aw_Pnt_H,Aw_Pnt_A,Aw_Av_Pnt_H,Aw_Av_pnt_A,Aw_T_pnt,Aw_Av_T_pnt
0,13/08/16,Burnley,Swansea,0,1,A,0,0,D,J Moss,0.0,0.0,0.0,0.0,0.0,0.0,0.0,0.0,0.0,0.0,0.0,0.0,0.0,0.0,0.0,0.0,0.0,0.0,0.0,0.0,0.0,0.0,0.0,0.0,0.0,0.0,0.0,0.0,0.0,0.0,0.0,0.0,0.0,0.0,0.0,0.0
1,13/08/16,Crystal Palace,West Brom,0,1,A,0,0,D,C Pawson,0.0,0.0,0.0,0.0,0.0,0.0,0.0,0.0,0.0,0.0,0.0,0.0,0.0,0.0,0.0,0.0,0.0,0.0,0.0,0.0,0.0,0.0,0.0,0.0,0.0,0.0,0.0,0.0,0.0,0.0,0.0,0.0,0.0,0.0,0.0,0.0
2,13/08/16,Everton,Tottenham,1,1,D,1,0,H,M Atkinson,0.0,0.0,0.0,0.0,0.0,0.0,0.0,0.0,0.0,0.0,0.0,0.0,0.0,0.0,0.0,0.0,0.0,0.0,0.0,0.0,0.0,0.0,0.0,0.0,0.0,0.0,0.0,0.0,0.0,0.0,0.0,0.0,0.0,0.0,0.0,0.0
3,13/08/16,Hull,Leicester,2,1,H,1,0,H,M Dean,0.0,0.0,0.0,0.0,0.0,0.0,0.0,0.0,0.0,0.0,0.0,0.0,0.0,0.0,0.0,0.0,0.0,0.0,0.0,0.0,0.0,0.0,0.0,0.0,0.0,0.0,0.0,0.0,0.0,0.0,0.0,0.0,0.0,0.0,0.0,0.0
4,13/08/16,Man City,Sunderland,2,1,H,1,0,H,R Madley,0.0,0.0,0.0,0.0,0.0,0.0,0.0,0.0,0.0,0.0,0.0,0.0,0.0,0.0,0.0,0.0,0.0,0.0,0.0,0.0,0.0,0.0,0.0,0.0,0.0,0.0,0.0,0.0,0.0,0.0,0.0,0.0,0.0,0.0,0.0,0.0
5,13/08/16,Middlesbrough,Stoke,1,1,D,1,0,H,K Friend,0.0,0.0,0.0,0.0,0.0,0.0,0.0,0.0,0.0,0.0,0.0,0.0,0.0,0.0,0.0,0.0,0.0,0.0,0.0,0.0,0.0,0.0,0.0,0.0,0.0,0.0,0.0,0.0,0.0,0.0,0.0,0.0,0.0,0.0,0.0,0.0
6,13/08/16,Southampton,Watford,1,1,D,0,1,A,R East,0.0,0.0,0.0,0.0,0.0,0.0,0.0,0.0,0.0,0.0,0.0,0.0,0.0,0.0,0.0,0.0,0.0,0.0,0.0,0.0,0.0,0.0,0.0,0.0,0.0,0.0,0.0,0.0,0.0,0.0,0.0,0.0,0.0,0.0,0.0,0.0
7,14/08/16,Arsenal,Liverpool,3,4,A,1,1,D,M Oliver,0.0,0.0,0.0,0.0,0.0,0.0,0.0,0.0,0.0,0.0,0.0,0.0,0.0,0.0,0.0,0.0,0.0,0.0,0.0,0.0,0.0,0.0,0.0,0.0,0.0,0.0,0.0,0.0,0.0,0.0,0.0,0.0,0.0,0.0,0.0,0.0
8,14/08/16,Bournemouth,Man United,1,3,A,0,1,A,A Marriner,0.0,0.0,0.0,0.0,0.0,0.0,0.0,0.0,0.0,0.0,0.0,0.0,0.0,0.0,0.0,0.0,0.0,0.0,0.0,0.0,0.0,0.0,0.0,0.0,0.0,0.0,0.0,0.0,0.0,0.0,0.0,0.0,0.0,0.0,0.0,0.0
9,15/08/16,Chelsea,West Ham,2,1,H,0,0,D,A Taylor,0.0,0.0,0.0,0.0,0.0,0.0,0.0,0.0,0.0,0.0,0.0,0.0,0.0,0.0,0.0,0.0,0.0,0.0,0.0,0.0,0.0,0.0,0.0,0.0,0.0,0.0,0.0,0.0,0.0,0.0,0.0,0.0,0.0,0.0,0.0,0.0
10,19/08/16,Man United,Southampton,2,0,H,1,0,H,A Taylor,0.0,3.0,0.0,1.0,0.0,3.0,0.0,1.0,0.0,3.0,0.0,3.0,3.0,1.0,3.0,1.0,3.0,3.0,1.0,0.0,1.0,0.0,1.0,0.0,1.0,0.0,1.0,0.0,1.0,0.0,1.0,1.0,1.0,1.0,1.0,1.0
11,20/08/16,Burnley,Liverpool,2,0,H,2,0,H,L Mason,0.0,0.0,1.0,0.0,0.0,0.0,1.0,0.0,0.0,0.0,0.0,0.0,0.0,1.0,0.0,1.0,0.0,0.0,0.0,4.0,0.0,3.0,0.0,4.0,0.0,3.0,0.0,3.0,0.0,3.0,4.0,3.0,4.0,3.0,3.0,3.0
12,20/08/16,Leicester,Arsenal,0,0,D,0,0,D,M Clattenburg,0.0,1.0,0.0,2.0,0.0,1.0,0.0,2.0,0.0,0.0,0.0,0.0,1.0,2.0,1.0,2.0,0.0,0.0,3.0,0.0,4.0,0.0,3.0,0.0,4.0,0.0,0.0,0.0,0.0,0.0,3.0,4.0,3.0,4.0,0.0,0.0
13,20/08/16,Stoke,Man City,1,4,A,0,2,A,M Dean,0.0,1.0,0.0,1.0,0.0,1.0,0.0,1.0,0.0,1.0,0.0,1.0,1.0,1.0,1.0,1.0,1.0,1.0,2.0,0.0,1.0,0.0,2.0,0.0,1.0,0.0,3.0,0.0,3.0,0.0,2.0,1.0,2.0,1.0,3.0,3.0
14,20/08/16,Swansea,Hull,0,2,A,0,0,D,S Attwell,0.0,1.0,0.0,0.0,0.0,1.0,0.0,0.0,0.0,3.0,0.0,3.0,1.0,0.0,1.0,0.0,3.0,3.0,2.0,0.0,1.0,0.0,2.0,0.0,1.0,0.0,3.0,0.0,3.0,0.0,2.0,1.0,2.0,1.0,3.0,3.0
15,20/08/16,Tottenham,Crystal Palace,1,0,H,0,0,D,M Oliver,0.0,1.0,0.0,1.0,0.0,1.0,0.0,1.0,0.0,1.0,0.0,1.0,1.0,1.0,1.0,1.0,1.0,1.0,0.0,0.0,1.0,0.0,0.0,0.0,1.0,0.0,0.0,0.0,0.0,0.0,0.0,1.0,0.0,1.0,0.0,0.0
16,20/08/16,Watford,Chelsea,1,2,A,0,0,D,J Moss,0.0,1.0,0.0,1.0,0.0,1.0,0.0,1.0,0.0,1.0,0.0,1.0,1.0,1.0,1.0,1.0,1.0,1.0,2.0,0.0,1.0,0.0,2.0,0.0,1.0,0.0,3.0,0.0,3.0,0.0,2.0,1.0,2.0,1.0,3.0,3.0
17,20/08/16,West Brom,Everton,1,2,A,1,1,D,N Swarbrick,0.0,1.0,0.0,0.0,0.0,1.0,0.0,0.0,0.0,3.0,0.0,3.0,1.0,0.0,1.0,0.0,3.0,3.0,1.0,0.0,1.0,0.0,1.0,0.0,1.0,0.0,1.0,0.0,1.0,0.0,1.0,1.0,1.0,1.0,1.0,1.0
18,21/08/16,Sunderland,Middlesbrough,1,2,A,0,2,A,M Atkinson,0.0,1.0,0.0,2.0,0.0,1.0,0.0,2.0,0.0,0.0,0.0,0.0,1.0,2.0,1.0,2.0,0.0,0.0,1.0,0.0,1.0,0.0,1.0,0.0,1.0,0.0,1.0,0.0,1.0,0.0,1.0,1.0,1.0,1.0,1.0,1.0
19,21/08/16,West Ham,Bournemouth,1,0,H,0,0,D,C Pawson,0.0,1.0,0.0,2.0,0.0,1.0,0.0,2.0,0.0,0.0,0.0,0.0,1.0,2.0,1.0,2.0,0.0,0.0,1.0,0.0,3.0,0.0,1.0,0.0,3.0,0.0,0.0,0.0,0.0,0.0,1.0,3.0,1.0,3.0,0.0,0.0
20,27/08/16,Chelsea,Burnley,3,0,H,2,0,H,M Clattenburg,2.0,2.0,1.0,1.0,2.0,2.0,1.0,1.0,3.0,3.0,3.0,3.0,4.0,2.0,2.0,1.0,6.0,3.0,2.0,0.0,1.0,0.0,1.0,0.0,0.5,0.0,3.0,0.0,1.5,0.0,2.0,1.0,1.0,0.5,3.0,1.5
21,27/08/16,Crystal Palace,Bournemouth,1,1,D,0,1,A,M Dean,0.0,0.0,1.0,1.0,0.0,0.0,1.0,1.0,0.0,0.0,0.0,0.0,0.0,2.0,0.0,1.0,0.0,0.0,1.0,0.0,3.0,1.0,1.0,0.0,3.0,1.0,0.0,0.0,0.0,0.0,1.0,4.0,0.5,2.0,0.0,0.0
22,27/08/16,Everton,Stoke,1,0,H,0,0,D,M Oliver,1.0,2.0,1.0,1.0,1.0,2.0,1.0,1.0,1.0,3.0,1.0,3.0,3.0,2.0,1.5,1.0,4.0,2.0,1.0,1.0,4.0,1.0,1.0,1.0,4.0,1.0,0.0,1.0,0.0,1.0,2.0,5.0,1.0,2.5,1.0,0.5
23,27/08/16,Hull,Man United,0,1,A,0,0,D,J Moss,2.0,2.0,1.0,0.0,2.0,2.0,1.0,0.0,3.0,3.0,3.0,3.0,4.0,1.0,2.0,0.5,6.0,3.0,2.0,3.0,0.0,1.0,2.0,3.0,0.0,1.0,3.0,3.0,3.0,3.0,5.0,1.0,2.5,0.5,6.0,3.0
24,27/08/16,Leicester,Swansea,2,1,H,1,0,H,R East,0.0,1.0,0.0,2.0,0.0,1.0,0.0,2.0,1.0,0.0,1.0,0.0,1.0,2.0,0.5,1.0,1.0,0.5,0.0,1.0,2.0,0.0,0.0,1.0,2.0,0.0,0.0,3.0,0.0,3.0,1.0,2.0,0.5,1.0,3.0,1.5
25,27/08/16,Southampton,Sunderland,1,1,D,0,0,D,L Mason,1.0,0.0,1.0,2.0,1.0,0.0,1.0,2.0,1.0,0.0,1.0,0.0,1.0,3.0,0.5,1.5,1.0,0.5,1.0,1.0,2.0,2.0,1.0,1.0,2.0,2.0,0.0,0.0,0.0,0.0,2.0,4.0,1.0,2.0,0.0,0.0
26,27/08/16,Tottenham,Liverpool,1,1,D,0,1,A,R Madley,1.0,1.0,0.0,1.0,1.0,1.0,0.0,1.0,3.0,1.0,3.0,1.0,2.0,1.0,1.0,0.5,4.0,2.0,0.0,4.0,0.0,5.0,0.0,2.0,0.0,2.5,0.0,3.0,0.0,1.5,4.0,5.0,2.0,2.5,3.0,1.5
27,27/08/16,Watford,Arsenal,1,3,A,0,3,A,K Friend,1.0,1.0,2.0,1.0,1.0,1.0,2.0,1.0,0.0,1.0,0.0,1.0,2.0,3.0,1.0,1.5,1.0,0.5,3.0,0.0,4.0,0.0,3.0,0.0,4.0,0.0,0.0,1.0,0.0,1.0,3.0,4.0,1.5,2.0,1.0,0.5
28,28/08/16,Man City,West Ham,3,1,H,2,0,H,A Marriner,2.0,4.0,1.0,1.0,2.0,4.0,1.0,1.0,3.0,3.0,3.0,3.0,6.0,2.0,3.0,1.0,6.0,3.0,1.0,1.0,0.0,2.0,1.0,1.0,0.0,2.0,3.0,0.0,3.0,0.0,2.0,2.0,1.0,1.0,3.0,1.5
29,28/08/16,West Brom,Middlesbrough,0,0,D,0,0,D,A Taylor,1.0,1.0,2.0,0.0,1.0,1.0,2.0,0.0,0.0,3.0,0.0,3.0,2.0,2.0,1.0,1.0,3.0,1.5,1.0,2.0,1.0,1.0,1.0,2.0,1.0,1.0,1.0,3.0,1.0,3.0,3.0,2.0,1.5,1.0,4.0,2.0
30,10/09/16,Arsenal,Southampton,2,1,H,1,1,D,R Madley,3.0,3.0,4.0,1.0,3.0,1.5,4.0,0.5,0.0,4.0,0.0,2.0,6.0,5.0,2.0,1.66666666667,4.0,1.33333333333,2.0,0.0,2.0,2.0,1.0,0.0,1.0,2.0,2.0,0.0,1.0,0.0,2.0,4.0,0.666666666667,1.33333333333,2.0,0.666666666667
31,10/09/16,Bournemouth,West Brom,1,0,H,0,0,D,K Friend,1.0,1.0,3.0,2.0,1.0,0.5,3.0,1.0,0.0,1.0,0.0,0.5,2.0,5.0,0.666666666667,1.66666666667,1.0,0.333333333333,1.0,1.0,2.0,0.0,0.5,1.0,1.0,0.0,1.0,3.0,0.5,3.0,2.0,2.0,0.666666666667,0.666666666667,4.0,1.33333333333
32,10/09/16,Burnley,Hull,1,1,D,0,0,D,P Tierney,2.0,0.0,1.0,3.0,1.0,0.0,0.5,3.0,3.0,0.0,1.5,0.0,2.0,4.0,0.666666666667,1.33333333333,3.0,1.0,2.0,2.0,2.0,0.0,1.0,2.0,1.0,0.0,3.0,3.0,1.5,3.0,4.0,2.0,1.33333333333,0.666666666667,6.0,2.0
33,10/09/16,Liverpool,Leicester,4,1,H,2,1,H,C Pawson,0.0,5.0,0.0,6.0,0.0,1.66666666667,0.0,2.0,0.0,4.0,0.0,1.33333333333,5.0,6.0,1.66666666667,2.0,4.0,1.33333333333,2.0,1.0,1.0,2.0,1.0,1.0,0.5,2.0,4.0,0.0,2.0,0.0,3.0,3.0,1.0,1.0,4.0,1.33333333333
34,10/09/16,Man United,Man City,1,2,A,1,2,A,M Clattenburg,2.0,4.0,0.0,1.0,2.0,2.0,0.0,0.5,3.0,6.0,3.0,3.0,6.0,1.0,2.0,0.333333333333,9.0,3.0,5.0,4.0,2.0,1.0,2.5,4.0,1.0,1.0,6.0,3.0,3.0,3.0,9.0,3.0,3.0,1.0,9.0,3.0
35,10/09/16,Middlesbrough,Crystal Palace,1,2,A,1,1,D,N Swarbrick,1.0,2.0,1.0,1.0,1.0,1.0,1.0,0.5,1.0,4.0,1.0,2.0,3.0,2.0,1.0,0.666666666667,5.0,1.66666666667,1.0,0.0,2.0,1.0,0.5,0.0,1.0,1.0,1.0,0.0,0.5,0.0,1.0,3.0,0.333333333333,1.0,1.0,0.333333333333
36,10/09/16,Stoke,Tottenham,0,4,A,0,1,A,A Taylor,1.0,1.0,4.0,2.0,1.0,0.5,4.0,1.0,0.0,1.0,0.0,0.5,2.0,6.0,0.666666666667,2.0,1.0,0.333333333333,2.0,1.0,1.0,1.0,1.0,1.0,0.5,1.0,4.0,1.0,2.0,1.0,3.0,2.0,1.0,0.666666666667,5.0,1.66666666667
37,10/09/16,West Ham,Watford,2,4,A,2,2,D,M Atkinson,1.0,2.0,0.0,5.0,1.0,1.0,0.0,2.5,3.0,0.0,3.0,0.0,3.0,5.0,1.0,1.66666666667,3.0,1.0,2.0,1.0,5.0,1.0,1.0,1.0,2.5,1.0,0.0,1.0,0.0,1.0,3.0,6.0,1.0,2.0,1.0,0.333333333333
38,11/09/16,Swansea,Chelsea,2,2,D,0,1,A,A Marriner,0.0,2.0,2.0,2.0,0.0,1.0,2.0,1.0,0.0,3.0,0.0,1.5,2.0,4.0,0.666666666667,1.33333333333,3.0,1.0,5.0,2.0,1.0,1.0,2.5,2.0,0.5,1.0,6.0,3.0,3.0,3.0,7.0,2.0,2.33333333333,0.666666666667,9.0,3.0
39,12/09/16,Sunderland,Everton,0,3,A,0,0,D,M Jones,1.0,2.0,2.0,3.0,1.0,1.0,2.0,1.5,0.0,1.0,0.0,0.5,3.0,5.0,1.0,1.66666666667,1.0,0.333333333333,2.0,2.0,1.0,1.0,1.0,2.0,0.5,1.0,4.0,3.0,2.0,3.0,4.0,2.0,1.33333333333,0.666666666667,7.0,2.33333333333
40,16/09/16,Chelsea,Liverpool,1,2,A,0,2,A,M Atkinson,5.0,4.0,1.0,3.0,2.5,2.0,0.5,1.5,6.0,4.0,3.0,2.0,9.0,4.0,2.25,1.0,10.0,2.5,4.0,5.0,1.0,6.0,4.0,1.66666666667,1.0,2.0,3.0,4.0,3.0,1.33333333333,9.0,7.0,2.25,1.75,7.0,1.75
41,17/09/16,Everton,Middlesbrough,3,1,H,3,1,H,L Mason,2.0,5.0,1.0,1.0,1.0,2.5,0.5,0.5,4.0,6.0,2.0,3.0,7.0,2.0,1.75,0.5,10.0,2.5,2.0,2.0,3.0,1.0,1.0,1.0,1.5,0.5,1.0,4.0,0.5,2.0,4.0,4.0,1.0,1.0,5.0,1.25
42,17/09/16,Hull,Arsenal,1,4,A,0,1,A,R East,2.0,3.0,2.0,1.0,1.0,1.5,1.0,0.5,3.0,4.0,1.5,2.0,5.0,3.0,1.25,0.75,7.0,1.75,5.0,3.0,5.0,1.0,2.5,1.5,2.5,0.5,3.0,4.0,1.5,2.0,8.0,6.0,2.0,1.5,7.0,1.75
43,17/09/16,Leicester,Burnley,3,0,H,1,0,H,A Taylor,2.0,2.0,1.0,6.0,1.0,1.0,0.5,3.0,4.0,0.0,2.0,0.0,4.0,7.0,1.0,1.75,4.0,1.0,3.0,0.0,2.0,3.0,1.0,0.0,0.666666666667,3.0,4.0,0.0,1.33333333333,0.0,3.0,5.0,0.75,1.25,4.0,1.0
44,17/09/16,Man City,Bournemouth,4,0,H,2,0,H,J Moss,5.0,6.0,2.0,2.0,2.5,3.0,1.0,1.0,6.0,6.0,3.0,3.0,11.0,4.0,2.75,1.0,12.0,3.0,2.0,1.0,3.0,2.0,1.0,0.5,1.5,1.0,3.0,1.0,1.5,0.5,3.0,5.0,0.75,1.25,4.0,1.0
45,17/09/16,West Brom,West Ham,4,2,H,3,0,H,M Clattenburg,1.0,1.0,2.0,1.0,0.5,0.5,1.0,0.5,1.0,3.0,0.5,1.5,2.0,3.0,0.5,0.75,4.0,1.0,3.0,2.0,4.0,5.0,1.5,1.0,2.0,2.5,3.0,0.0,1.5,0.0,5.0,9.0,1.25,2.25,3.0,0.75
46,18/09/16,Crystal Palace,Stoke,4,1,H,2,0,H,C Pawson,1.0,2.0,2.0,2.0,0.5,1.0,1.0,1.0,1.0,3.0,0.5,1.5,3.0,4.0,0.75,1.0,4.0,1.0,1.0,1.0,8.0,2.0,0.5,0.5,4.0,1.0,0.0,1.0,0.0,0.5,2.0,10.0,0.5,2.5,1.0,0.25
47,18/09/16,Southampton,Swansea,1,0,H,0,0,D,M Jones,2.0,1.0,2.0,4.0,1.0,0.5,1.0,2.0,2.0,0.0,1.0,0.0,3.0,6.0,0.75,1.5,2.0,0.5,2.0,2.0,4.0,2.0,1.0,1.0,2.0,1.0,1.0,3.0,0.5,1.5,4.0,6.0,1.0,1.5,4.0,1.0
48,18/09/16,Tottenham,Sunderland,1,0,H,0,0,D,M Dean,2.0,5.0,1.0,1.0,1.0,2.5,0.5,0.5,4.0,4.0,2.0,2.0,7.0,2.0,1.75,0.5,8.0,2.0,1.0,2.0,5.0,3.0,0.5,1.0,2.5,1.5,0.0,1.0,0.0,0.5,3.0,8.0,0.75,2.0,1.0,0.25
49,18/09/16,Watford,Man United,3,1,H,1,0,H,M Oliver,2.0,5.0,5.0,3.0,1.0,2.5,2.5,1.5,0.0,4.0,0.0,2.0,7.0,8.0,1.75,2.0,4.0,1.0,3.0,4.0,2.0,1.0,1.5,2.0,1.0,0.5,3.0,6.0,1.5,3.0,7.0,3.0,1.75,0.75,9.0,2.25
50,24/09/16,Arsenal,Chelsea,3,0,H,3,0,H,M Oliver,5.0,7.0,5.0,2.0,2.5,2.33333333333,2.5,0.666666666667,3.0,7.0,1.5,2.33333333333,12.0,7.0,2.4,1.4,10.0,2.0,6.0,4.0,3.0,3.0,2.0,2.0,1.0,1.5,6.0,4.0,2.0,2.0,10.0,6.0,2.0,1.2,10.0,2.0
51,24/09/16,Bournemouth,Everton,1,0,H,1,0,H,R Madley,2.0,1.0,3.0,6.0,1.0,0.333333333333,1.5,2.0,3.0,1.0,1.5,0.333333333333,3.0,9.0,0.6,1.8,4.0,0.8,5.0,5.0,2.0,1.0,1.66666666667,2.5,0.666666666667,0.5,7.0,6.0,2.33333333333,3.0,10.0,3.0,2.0,0.6,13.0,2.6
52,24/09/16,Liverpool,Hull,5,1,H,3,0,H,A Marriner,4.0,7.0,1.0,7.0,4.0,1.75,1.0,1.75,3.0,7.0,3.0,1.75,11.0,8.0,2.2,1.6,10.0,2.0,3.0,3.0,6.0,1.0,1.0,1.5,2.0,0.5,3.0,4.0,1.0,2.0,6.0,7.0,1.2,1.4,7.0,1.4
53,24/09/16,Man United,Leicester,4,1,H,4,0,H,M Dean,3.0,5.0,2.0,4.0,1.5,1.66666666667,1.0,1.33333333333,3.0,6.0,1.5,2.0,8.0,6.0,1.6,1.2,9.0,1.8,5.0,2.0,1.0,6.0,1.66666666667,1.0,0.333333333333,3.0,7.0,0.0,2.33333333333,0.0,7.0,7.0,1.4,1.4,7.0,1.4
54,24/09/16,Middlesbrough,Tottenham,1,2,A,0,2,A,G Scott,2.0,3.0,3.0,4.0,1.0,1.0,1.5,1.33333333333,1.0,4.0,0.5,1.33333333333,5.0,7.0,1.0,1.4,5.0,1.0,3.0,5.0,1.0,1.0,1.0,2.5,0.333333333333,0.5,7.0,4.0,2.33333333333,2.0,8.0,2.0,1.6,0.4,11.0,2.2
55,24/09/16,Stoke,West Brom,1,1,D,0,0,D,M Atkinson,1.0,2.0,8.0,6.0,0.5,0.666666666667,4.0,2.0,0.0,1.0,0.0,0.333333333333,3.0,14.0,0.6,2.8,1.0,0.2,5.0,1.0,4.0,1.0,1.66666666667,0.5,1.33333333333,0.5,4.0,3.0,1.33333333333,1.5,6.0,5.0,1.2,1.0,7.0,1.4
56,24/09/16,Sunderland,Crystal Palace,2,3,A,1,0,H,A Taylor,1.0,2.0,5.0,4.0,0.5,0.666666666667,2.5,1.33333333333,0.0,1.0,0.0,0.333333333333,3.0,9.0,0.6,1.8,1.0,0.2,5.0,2.0,3.0,2.0,1.66666666667,1.0,1.0,1.0,4.0,3.0,1.33333333333,1.5,7.0,5.0,1.4,1.0,7.0,1.4
57,24/09/16,Swansea,Man City,1,3,A,1,1,D,N Swarbrick,2.0,2.0,4.0,3.0,1.0,0.666666666667,2.0,1.0,1.0,3.0,0.5,1.0,4.0,7.0,0.8,1.4,4.0,0.8,9.0,6.0,2.0,2.0,3.0,3.0,0.666666666667,1.0,9.0,6.0,3.0,3.0,15.0,4.0,3.0,0.8,15.0,3.0
58,25/09/16,West Ham,Southampton,0,3,A,0,1,A,J Moss,3.0,4.0,4.0,9.0,1.5,1.33333333333,2.0,3.0,3.0,0.0,1.5,0.0,7.0,13.0,1.4,2.6,3.0,0.6,3.0,1.0,2.0,4.0,1.0,0.5,0.666666666667,2.0,5.0,0.0,1.66666666667,0.0,4.0,6.0,0.8,1.2,5.0,1.0
59,26/09/16,Burnley,Watford,2,0,H,1,0,H,M Jones,3.0,0.0,2.0,6.0,1.0,0.0,0.666666666667,3.0,4.0,0.0,1.33333333333,0.0,3.0,8.0,0.6,1.6,4.0,0.8,5.0,5.0,6.0,3.0,1.66666666667,2.5,2.0,1.5,3.0,4.0,1.0,2.0,10.0,9.0,2.0,1.8,7.0,1.4
60,30/09/16,Everton,Crystal Palace,1,1,D,1,0,H,J Moss,5.0,5.0,2.0,2.0,1.66666666667,1.66666666667,0.666666666667,0.666666666667,7.0,6.0,2.33333333333,2.0,10.0,4.0,1.66666666667,0.666666666667,13.0,2.16666666667,5.0,5.0,3.0,4.0,1.66666666667,1.66666666667,1.0,1.33333333333,4.0,6.0,1.33333333333,2.0,10.0,7.0,1.66666666667,1.16666666667,10.0,1.66666666667
61,01/10/16,Hull,Chelsea,0,2,A,0,0,D,A Taylor,3.0,4.0,6.0,6.0,1.0,1.33333333333,2.0,2.0,3.0,4.0,1.0,1.33333333333,7.0,12.0,1.16666666667,2.0,7.0,1.16666666667,6.0,4.0,3.0,6.0,2.0,1.33333333333,1.0,2.0,6.0,4.0,2.0,1.33333333333,10.0,9.0,1.66666666667,1.5,10.0,1.66666666667
62,01/10/16,Sunderland,West Brom,1,1,D,0,1,A,S Attwell,3.0,2.0,8.0,4.0,1.0,0.666666666667,2.66666666667,1.33333333333,0.0,1.0,0.0,0.333333333333,5.0,12.0,0.833333333333,2.0,1.0,0.166666666667,5.0,2.0,4.0,2.0,1.66666666667,0.666666666667,1.33333333333,0.666666666667,4.0,4.0,1.33333333333,1.33333333333,7.0,6.0,1.16666666667,1.0,8.0,1.33333333333
63,01/10/16,Swansea,Liverpool,1,2,A,1,0,H,M Oliver,3.0,2.0,7.0,3.0,1.0,0.666666666667,2.33333333333,1.0,1.0,3.0,0.333333333333,1.0,5.0,10.0,0.833333333333,1.66666666667,4.0,0.666666666667,9.0,7.0,2.0,7.0,4.5,1.75,1.0,1.75,6.0,7.0,3.0,1.75,16.0,9.0,2.66666666667,1.5,13.0,2.16666666667
64,01/10/16,Watford,Bournemouth,2,2,D,0,1,A,M Dean,5.0,5.0,6.0,5.0,1.66666666667,1.66666666667,2.0,1.66666666667,3.0,4.0,1.0,1.33333333333,10.0,11.0,1.66666666667,1.83333333333,7.0,1.16666666667,3.0,1.0,3.0,6.0,1.0,0.333333333333,1.0,2.0,6.0,1.0,2.0,0.333333333333,4.0,9.0,0.666666666667,1.5,7.0,1.16666666667
65,01/10/16,West Ham,Middlesbrough,1,1,D,0,0,D,N Swarbrick,3.0,4.0,7.0,9.0,1.0,1.33333333333,2.33333333333,3.0,3.0,0.0,1.0,0.0,7.0,16.0,1.16666666667,2.66666666667,3.0,0.5,3.0,3.0,5.0,4.0,1.0,1.0,1.66666666667,1.33333333333,1.0,4.0,0.333333333333,1.33333333333,6.0,9.0,1.0,1.5,5.0,0.833333333333
66,02/10/16,Burnley,Arsenal,0,1,A,0,0,D,C Pawson,5.0,0.0,2.0,6.0,1.25,0.0,0.5,3.0,7.0,0.0,1.75,0.0,5.0,8.0,0.833333333333,1.33333333333,7.0,1.16666666667,8.0,7.0,5.0,2.0,2.66666666667,2.33333333333,1.66666666667,0.666666666667,6.0,7.0,2.0,2.33333333333,15.0,7.0,2.5,1.16666666667,13.0,2.16666666667
67,02/10/16,Leicester,Southampton,0,0,D,0,0,D,M Atkinson,5.0,3.0,1.0,10.0,1.66666666667,1.0,0.333333333333,3.33333333333,7.0,0.0,2.33333333333,0.0,8.0,11.0,1.33333333333,1.83333333333,7.0,1.16666666667,3.0,4.0,2.0,4.0,1.0,1.33333333333,0.666666666667,1.33333333333,5.0,3.0,1.66666666667,1.0,7.0,6.0,1.16666666667,1.0,8.0,1.33333333333
68,02/10/16,Man United,Stoke,1,1,D,0,0,D,R Madley,7.0,5.0,3.0,4.0,2.33333333333,1.66666666667,1.0,1.33333333333,6.0,6.0,2.0,2.0,12.0,7.0,2.0,1.16666666667,12.0,2.0,2.0,2.0,9.0,6.0,0.666666666667,0.666666666667,3.0,2.0,1.0,1.0,0.333333333333,0.333333333333,4.0,15.0,0.666666666667,2.5,2.0,0.333333333333
69,02/10/16,Tottenham,Man City,2,0,H,2,0,H,A Marriner,3.0,7.0,1.0,2.0,1.0,2.33333333333,0.333333333333,0.666666666667,7.0,7.0,2.33333333333,2.33333333333,10.0,3.0,1.66666666667,0.5,14.0,2.33333333333,9.0,9.0,2.0,3.0,3.0,3.0,0.666666666667,1.0,9.0,9.0,3.0,3.0,18.0,5.0,3.0,0.833333333333,18.0,3.0
70,15/10/16,Arsenal,Swansea,3,2,H,2,1,H,J Moss,8.0,8.0,5.0,2.0,2.66666666667,2.0,1.66666666667,0.5,6.0,10.0,2.0,2.5,16.0,7.0,2.28571428571,1.0,16.0,2.28571428571,4.0,2.0,9.0,3.0,1.0,0.666666666667,2.25,1.0,1.0,3.0,0.25,1.0,6.0,12.0,0.857142857143,1.71428571429,4.0,0.571428571429
71,15/10/16,Bournemouth,Hull,6,1,H,3,1,H,L Mason,3.0,3.0,3.0,8.0,1.0,0.75,1.0,2.0,6.0,2.0,2.0,0.5,6.0,11.0,0.857142857143,1.57142857143,8.0,1.14285714286,3.0,4.0,8.0,6.0,0.75,1.33333333333,2.0,2.0,3.0,4.0,0.75,1.33333333333,7.0,14.0,1.0,2.0,7.0,1.0
72,15/10/16,Chelsea,Leicester,3,0,H,2,0,H,A Marriner,6.0,6.0,3.0,6.0,2.0,1.5,1.0,1.5,6.0,7.0,2.0,1.75,12.0,9.0,1.71428571429,1.28571428571,13.0,1.85714285714,5.0,3.0,1.0,10.0,1.25,1.0,0.25,3.33333333333,8.0,0.0,2.0,0.0,8.0,11.0,1.14285714286,1.57142857143,8.0,1.14285714286
73,15/10/16,Crystal Palace,West Ham,0,1,A,0,1,A,M Atkinson,5.0,6.0,3.0,5.0,1.66666666667,1.5,1.0,1.25,4.0,7.0,1.33333333333,1.75,11.0,8.0,1.57142857143,1.14285714286,11.0,1.57142857143,4.0,4.0,8.0,9.0,1.0,1.33333333333,2.0,3.0,4.0,0.0,1.0,0.0,8.0,17.0,1.14285714286,2.42857142857,4.0,0.571428571429
74,15/10/16,Man City,Everton,1,1,D,0,0,D,M Oliver,9.0,9.0,2.0,5.0,3.0,2.25,0.666666666667,1.25,9.0,9.0,3.0,2.25,18.0,7.0,2.57142857143,1.0,18.0,2.57142857143,6.0,5.0,3.0,2.0,1.5,1.66666666667,0.75,0.666666666667,8.0,6.0,2.0,2.0,11.0,5.0,1.57142857143,0.714285714286,14.0,2.0
75,15/10/16,Stoke,Sunderland,2,0,H,2,0,H,M Jones,2.0,3.0,9.0,7.0,0.666666666667,0.75,3.0,1.75,1.0,2.0,0.333333333333,0.5,5.0,16.0,0.714285714286,2.28571428571,3.0,0.428571428571,4.0,2.0,9.0,4.0,1.0,0.666666666667,2.25,1.33333333333,1.0,1.0,0.25,0.333333333333,6.0,13.0,0.857142857143,1.85714285714,2.0,0.285714285714
76,15/10/16,West Brom,Tottenham,1,1,D,0,0,D,K Friend,5.0,3.0,4.0,3.0,1.66666666667,0.75,1.33333333333,0.75,4.0,5.0,1.33333333333,1.25,8.0,7.0,1.14285714286,1.0,9.0,1.28571428571,5.0,7.0,1.0,2.0,1.25,2.33333333333,0.25,0.666666666667,10.0,7.0,2.5,2.33333333333,12.0,3.0,1.71428571429,0.428571428571,17.0,2.42857142857
77,16/10/16,Middlesbrough,Watford,0,1,A,0,0,D,R East,3.0,4.0,5.0,5.0,1.0,1.0,1.66666666667,1.25,1.0,5.0,0.333333333333,1.25,7.0,10.0,1.0,1.42857142857,6.0,0.857142857143,7.0,5.0,8.0,5.0,1.75,1.66666666667,2.0,1.66666666667,4.0,4.0,1.0,1.33333333333,12.0,13.0,1.71428571429,1.85714285714,8.0,1.14285714286
78,16/10/16,Southampton,Burnley,3,1,H,0,0,D,M Dean,3.0,4.0,2.0,4.0,1.0,1.0,0.666666666667,1.0,5.0,4.0,1.66666666667,1.0,7.0,6.0,1.0,0.857142857143,9.0,1.28571428571,5.0,0.0,3.0,6.0,1.0,0.0,0.6,3.0,7.0,0.0,1.4,0.0,5.0,9.0,0.714285714286,1.28571428571,7.0,1.0
79,17/10/16,Liverpool,Man United,0,0,D,0,0,D,A Taylor,9.0,9.0,2.0,8.0,4.5,1.8,1.0,1.6,6.0,10.0,3.0,2.0,18.0,10.0,2.57142857143,1.42857142857,16.0,2.28571428571,8.0,5.0,4.0,4.0,2.0,1.66666666667,1.0,1.33333333333,7.0,6.0,1.75,2.0,13.0,8.0,1.85714285714,1.14285714286,13.0,1.85714285714
80,22/10/16,Arsenal,Middlesbrough,0,0,D,0,0,D,M Dean,11.0,8.0,7.0,2.0,2.75,2.0,1.75,0.5,9.0,10.0,2.25,2.5,19.0,9.0,2.375,1.125,19.0,2.375,3.0,4.0,6.0,5.0,0.75,1.0,1.5,1.25,1.0,5.0,0.25,1.25,7.0,11.0,0.875,1.375,6.0,0.75
81,22/10/16,Bournemouth,Tottenham,0,0,D,0,0,D,C Pawson,9.0,3.0,4.0,8.0,2.25,0.75,1.0,2.0,9.0,2.0,2.25,0.5,12.0,12.0,1.5,1.5,11.0,1.375,5.0,8.0,1.0,3.0,1.25,2.0,0.25,0.75,10.0,8.0,2.5,2.0,13.0,4.0,1.625,0.5,18.0,2.25
82,22/10/16,Burnley,Everton,2,1,H,1,0,H,M Jones,5.0,1.0,3.0,9.0,1.0,0.333333333333,0.6,3.0,7.0,0.0,1.4,0.0,6.0,12.0,0.75,1.5,7.0,0.875,6.0,6.0,3.0,3.0,1.5,1.5,0.75,0.75,8.0,7.0,2.0,1.75,12.0,6.0,1.5,0.75,15.0,1.875
83,22/10/16,Hull,Stoke,0,2,A,0,1,A,K Friend,3.0,5.0,8.0,12.0,0.75,1.25,2.0,3.0,3.0,4.0,0.75,1.0,8.0,20.0,1.0,2.5,7.0,0.875,4.0,3.0,9.0,7.0,1.0,0.75,2.25,1.75,4.0,2.0,1.0,0.5,7.0,16.0,0.875,2.0,6.0,0.75
84,22/10/16,Leicester,Crystal Palace,3,1,H,1,0,H,M Oliver,5.0,3.0,1.0,13.0,1.25,0.75,0.25,3.25,8.0,0.0,2.0,0.0,8.0,14.0,1.0,1.75,8.0,1.0,5.0,6.0,4.0,5.0,1.25,1.5,1.0,1.25,4.0,7.0,1.0,1.75,11.0,9.0,1.375,1.125,11.0,1.375
85,22/10/16,Liverpool,West Brom,2,1,H,2,0,H,N Swarbrick,9.0,9.0,2.0,8.0,3.0,1.8,0.666666666667,1.6,7.0,10.0,2.33333333333,2.0,18.0,10.0,2.25,1.25,17.0,2.125,6.0,3.0,5.0,3.0,1.5,0.75,1.25,0.75,5.0,5.0,1.25,1.25,9.0,8.0,1.125,1.0,10.0,1.25
86,22/10/16,Swansea,Watford,0,0,D,0,0,D,P Tierney,4.0,4.0,9.0,6.0,1.0,1.0,2.25,1.5,1.0,3.0,0.25,0.75,8.0,15.0,1.0,1.875,4.0,0.5,7.0,6.0,8.0,5.0,1.75,1.5,2.0,1.25,4.0,7.0,1.0,1.75,13.0,13.0,1.625,1.625,11.0,1.375
87,22/10/16,West Ham,Sunderland,1,0,H,0,0,D,R Madley,4.0,5.0,8.0,9.0,1.0,1.25,2.0,2.25,4.0,3.0,1.0,0.75,9.0,17.0,1.125,2.125,7.0,0.875,4.0,2.0,9.0,6.0,1.0,0.5,2.25,1.5,1.0,1.0,0.25,0.25,6.0,15.0,0.75,1.875,2.0,0.25
88,23/10/16,Chelsea,Man United,4,0,H,2,0,H,M Atkinson,9.0,6.0,3.0,6.0,2.25,1.5,0.75,1.5,9.0,7.0,2.25,1.75,15.0,9.0,1.875,1.125,16.0,2.0,8.0,5.0,4.0,4.0,2.0,1.25,1.0,1.0,7.0,7.0,1.75,1.75,13.0,8.0,1.625,1.0,14.0,1.75
89,23/10/16,Man City,Southampton,1,1,D,0,1,A,M Clattenburg,10.0,9.0,3.0,5.0,2.5,2.25,0.75,1.25,10.0,9.0,2.5,2.25,19.0,8.0,2.375,1.0,19.0,2.375,6.0,4.0,3.0,4.0,1.5,1.0,0.75,1.0,8.0,4.0,2.0,1.0,10.0,7.0,1.25,0.875,12.0,1.5
90,29/10/16,Crystal Palace,Liverpool,2,4,A,2,3,A,A Marriner,5.0,7.0,4.0,8.0,1.25,1.4,1.0,1.6,4.0,7.0,1.0,1.4,12.0,12.0,1.33333333333,1.33333333333,11.0,1.22222222222,11.0,9.0,3.0,8.0,2.75,1.8,0.75,1.6,10.0,10.0,2.5,2.0,20.0,11.0,2.22222222222,1.22222222222,20.0,2.22222222222
91,29/10/16,Man United,Burnley,0,0,D,0,0,D,M Clattenburg,8.0,5.0,4.0,8.0,2.0,1.0,1.0,1.6,7.0,7.0,1.75,1.4,13.0,12.0,1.44444444444,1.33333333333,14.0,1.55555555556,7.0,1.0,4.0,9.0,1.16666666667,0.333333333333,0.666666666667,3.0,10.0,0.0,1.66666666667,0.0,8.0,13.0,0.888888888889,1.44444444444,10.0,1.11111111111
92,29/10/16,Middlesbrough,Bournemouth,2,0,H,1,0,H,S Attwell,3.0,4.0,6.0,5.0,0.75,0.8,1.5,1.0,1.0,6.0,0.25,1.2,7.0,11.0,0.777777777778,1.22222222222,7.0,0.777777777778,9.0,3.0,4.0,8.0,1.8,0.75,0.8,2.0,10.0,2.0,2.0,0.5,12.0,12.0,1.33333333333,1.33333333333,12.0,1.33333333333
93,29/10/16,Sunderland,Arsenal,1,4,A,0,1,A,M Atkinson,4.0,2.0,9.0,7.0,1.0,0.4,2.25,1.4,1.0,1.0,0.25,0.2,6.0,16.0,0.666666666667,1.77777777778,2.0,0.222222222222,11.0,8.0,7.0,2.0,2.2,2.0,1.4,0.5,10.0,10.0,2.0,2.5,19.0,9.0,2.11111111111,1.0,20.0,2.22222222222
94,29/10/16,Tottenham,Leicester,1,1,D,1,0,H,R Madley,5.0,8.0,1.0,3.0,1.25,1.6,0.25,0.6,10.0,9.0,2.5,1.8,13.0,4.0,1.44444444444,0.444444444444,19.0,2.11111111111,8.0,3.0,2.0,13.0,1.6,0.75,0.4,3.25,11.0,0.0,2.2,0.0,11.0,15.0,1.22222222222,1.66666666667,11.0,1.22222222222
95,29/10/16,Watford,Hull,1,0,H,0,0,D,J Moss,7.0,6.0,8.0,5.0,1.75,1.2,2.0,1.0,4.0,8.0,1.0,1.6,13.0,13.0,1.44444444444,1.44444444444,12.0,1.33333333333,3.0,5.0,10.0,12.0,0.6,1.25,2.0,3.0,3.0,4.0,0.6,1.0,8.0,22.0,0.888888888889,2.44444444444,7.0,0.777777777778
96,29/10/16,West Brom,Man City,0,4,A,0,2,A,L Mason,6.0,4.0,5.0,5.0,1.5,0.8,1.25,1.0,5.0,5.0,1.25,1.0,10.0,10.0,1.11111111111,1.11111111111,10.0,1.11111111111,11.0,9.0,4.0,5.0,2.2,2.25,0.8,1.25,11.0,9.0,2.2,2.25,20.0,9.0,2.22222222222,1.0,20.0,2.22222222222
97,30/10/16,Everton,West Ham,2,0,H,0,0,D,A Taylor,6.0,7.0,3.0,5.0,1.5,1.4,0.75,1.0,8.0,7.0,2.0,1.4,13.0,8.0,1.44444444444,0.888888888889,15.0,1.66666666667,5.0,5.0,8.0,9.0,1.0,1.25,1.6,2.25,7.0,3.0,1.4,0.75,10.0,17.0,1.11111111111,1.88888888889,10.0,1.11111111111
98,30/10/16,Southampton,Chelsea,0,2,A,0,1,A,M Jones,6.0,5.0,3.0,5.0,1.5,1.0,0.75,1.0,8.0,5.0,2.0,1.0,11.0,8.0,1.22222222222,0.888888888889,13.0,1.44444444444,13.0,6.0,3.0,6.0,2.6,1.5,0.6,1.5,12.0,7.0,2.4,1.75,19.0,9.0,2.11111111111,1.0,19.0,2.11111111111
99,31/10/16,Stoke,Swansea,3,1,H,1,1,D,M Oliver,4.0,5.0,9.0,7.0,1.0,1.0,2.25,1.4,4.0,5.0,1.0,1.0,9.0,16.0,1.0,1.77777777778,9.0,1.0,4.0,4.0,9.0,6.0,0.8,1.0,1.8,1.5,2.0,3.0,0.4,0.75,8.0,15.0,0.888888888889,1.66666666667,5.0,0.555555555556
100,05/11/16,Bournemouth,Sunderland,1,2,A,1,1,D,M Dean,9.0,3.0,4.0,10.0,1.8,0.6,0.8,2.0,10.0,2.0,2.0,0.4,12.0,14.0,1.2,1.4,12.0,1.2,5.0,2.0,13.0,7.0,1.0,0.4,2.6,1.4,1.0,1.0,0.2,0.2,7.0,20.0,0.7,2.0,2.0,0.2
101,05/11/16,Burnley,Crystal Palace,3,2,H,2,0,H,A Taylor,7.0,1.0,4.0,9.0,1.16666666667,0.25,0.666666666667,2.25,10.0,1.0,1.66666666667,0.25,8.0,13.0,0.8,1.3,11.0,1.1,7.0,7.0,8.0,8.0,1.4,1.4,1.6,1.6,4.0,7.0,0.8,1.4,14.0,16.0,1.4,1.6,11.0,1.1
102,05/11/16,Chelsea,Everton,5,0,H,3,0,H,R Madley,13.0,8.0,3.0,6.0,2.6,1.6,0.6,1.2,12.0,10.0,2.4,2.0,21.0,9.0,2.1,0.9,22.0,2.2,8.0,7.0,3.0,5.0,1.6,1.4,0.6,1.0,11.0,7.0,2.2,1.4,15.0,8.0,1.5,0.8,18.0,1.8
103,05/11/16,Man City,Middlesbrough,1,1,D,1,0,H,K Friend,11.0,13.0,4.0,5.0,2.2,2.6,0.8,1.0,11.0,12.0,2.2,2.4,24.0,9.0,2.4,0.9,23.0,2.3,5.0,4.0,6.0,5.0,1.0,0.8,1.2,1.0,4.0,6.0,0.8,1.2,9.0,11.0,0.9,1.1,10.0,1.0
104,05/11/16,West Ham,Stoke,1,1,D,0,0,D,A Marriner,5.0,5.0,8.0,11.0,1.0,1.0,1.6,2.2,7.0,3.0,1.4,0.6,10.0,19.0,1.0,1.9,10.0,1.0,7.0,5.0,10.0,7.0,1.4,1.0,2.0,1.4,7.0,5.0,1.4,1.0,12.0,17.0,1.2,1.7,12.0,1.2
105,06/11/16,Arsenal,Tottenham,1,1,D,1,0,H,M Clattenburg,11.0,12.0,7.0,3.0,2.2,2.4,1.4,0.6,10.0,13.0,2.0,2.6,23.0,10.0,2.3,1.0,23.0,2.3,6.0,8.0,2.0,3.0,1.2,1.6,0.4,0.6,11.0,9.0,2.2,1.8,14.0,5.0,1.4,0.5,20.0,2.0
106,06/11/16,Hull,Southampton,2,1,H,0,1,A,G Scott,3.0,5.0,10.0,13.0,0.6,1.0,2.0,2.6,3.0,4.0,0.6,0.8,8.0,23.0,0.8,2.3,7.0,0.7,6.0,5.0,5.0,5.0,1.2,1.0,1.0,1.0,8.0,5.0,1.6,1.0,11.0,10.0,1.1,1.0,13.0,1.3
107,06/11/16,Leicester,West Brom,1,2,A,0,0,D,C Pawson,8.0,4.0,2.0,14.0,1.6,0.8,0.4,2.8,11.0,1.0,2.2,0.2,12.0,16.0,1.2,1.6,12.0,1.2,6.0,4.0,9.0,5.0,1.2,0.8,1.8,1.0,5.0,5.0,1.0,1.0,10.0,14.0,1.0,1.4,10.0,1.0
108,06/11/16,Liverpool,Watford,6,1,H,3,0,H,M Oliver,11.0,13.0,3.0,10.0,2.75,2.16666666667,0.75,1.66666666667,10.0,13.0,2.5,2.16666666667,24.0,13.0,2.4,1.3,23.0,2.3,8.0,6.0,8.0,5.0,1.6,1.2,1.6,1.0,7.0,8.0,1.4,1.6,14.0,13.0,1.4,1.3,15.0,1.5
109,06/11/16,Swansea,Man United,1,3,A,0,3,A,N Swarbrick,4.0,5.0,9.0,9.0,0.8,1.0,1.8,1.8,2.0,3.0,0.4,0.6,9.0,18.0,0.9,1.8,5.0,0.5,8.0,5.0,4.0,8.0,1.6,1.0,0.8,1.6,8.0,7.0,1.6,1.4,13.0,12.0,1.3,1.2,15.0,1.5
110,19/11/16,Crystal Palace,Man City,1,2,A,0,1,A,R Madley,7.0,9.0,8.0,11.0,1.4,1.5,1.6,1.83333333333,4.0,7.0,0.8,1.16666666667,16.0,19.0,1.45454545455,1.72727272727,11.0,1.0,12.0,13.0,5.0,5.0,2.0,2.6,0.833333333333,1.0,12.0,12.0,2.0,2.4,25.0,10.0,2.27272727273,0.909090909091,24.0,2.18181818182
111,19/11/16,Everton,Swansea,1,1,D,0,1,A,M Atkinson,8.0,7.0,3.0,10.0,1.6,1.16666666667,0.6,1.66666666667,11.0,7.0,2.2,1.16666666667,15.0,13.0,1.36363636364,1.18181818182,18.0,1.63636363636,5.0,5.0,12.0,9.0,0.833333333333,1.0,2.0,1.8,2.0,3.0,0.333333333333,0.6,10.0,21.0,0.909090909091,1.90909090909,5.0,0.454545454545
112,19/11/16,Man United,Arsenal,1,1,D,0,0,D,A Marriner,8.0,8.0,4.0,9.0,1.6,1.33333333333,0.8,1.5,8.0,10.0,1.6,1.66666666667,16.0,13.0,1.45454545455,1.18181818182,18.0,1.63636363636,12.0,12.0,8.0,3.0,2.0,2.4,1.33333333333,0.6,11.0,13.0,1.83333333333,2.6,24.0,11.0,2.18181818182,1.0,24.0,2.18181818182
113,19/11/16,Southampton,Liverpool,0,0,D,0,0,D,M Clattenburg,6.0,6.0,5.0,7.0,1.2,1.0,1.0,1.16666666667,8.0,5.0,1.6,0.833333333333,12.0,12.0,1.09090909091,1.09090909091,13.0,1.18181818182,17.0,13.0,4.0,10.0,3.4,2.16666666667,0.8,1.66666666667,13.0,13.0,2.6,2.16666666667,30.0,14.0,2.72727272727,1.27272727273,26.0,2.36363636364
114,19/11/16,Stoke,Bournemouth,0,1,A,0,1,A,R East,7.0,6.0,10.0,8.0,1.4,1.0,2.0,1.33333333333,7.0,6.0,1.4,1.0,13.0,18.0,1.18181818182,1.63636363636,13.0,1.18181818182,10.0,3.0,6.0,10.0,1.66666666667,0.6,1.0,2.0,10.0,2.0,1.66666666667,0.4,13.0,16.0,1.18181818182,1.45454545455,12.0,1.09090909091
115,19/11/16,Sunderland,Hull,3,0,H,1,0,H,L Mason,5.0,4.0,13.0,8.0,1.0,0.666666666667,2.6,1.33333333333,1.0,4.0,0.2,0.666666666667,9.0,21.0,0.818181818182,1.90909090909,5.0,0.454545454545,5.0,5.0,11.0,13.0,0.833333333333,1.0,1.83333333333,2.6,6.0,4.0,1.0,0.8,10.0,24.0,0.909090909091,2.18181818182,10.0,0.909090909091
116,19/11/16,Tottenham,West Ham,3,2,H,0,1,A,M Dean,6.0,9.0,2.0,4.0,1.2,1.5,0.4,0.666666666667,11.0,10.0,2.2,1.66666666667,15.0,6.0,1.36363636364,0.545454545455,21.0,1.90909090909,6.0,5.0,9.0,11.0,1.0,1.0,1.5,2.2,8.0,3.0,1.33333333333,0.6,11.0,20.0,1.0,1.81818181818,11.0,1.0
117,19/11/16,Watford,Leicester,2,1,H,2,1,H,N Swarbrick,8.0,7.0,8.0,11.0,1.6,1.16666666667,1.6,1.83333333333,7.0,8.0,1.4,1.33333333333,15.0,19.0,1.36363636364,1.72727272727,15.0,1.36363636364,9.0,4.0,4.0,14.0,1.5,0.8,0.666666666667,2.8,11.0,1.0,1.83333333333,0.2,13.0,18.0,1.18181818182,1.63636363636,12.0,1.09090909091
118,20/11/16,Middlesbrough,Chelsea,0,1,A,0,1,A,J Moss,5.0,5.0,6.0,6.0,1.0,0.833333333333,1.2,1.0,4.0,7.0,0.8,1.16666666667,10.0,12.0,0.909090909091,1.09090909091,11.0,1.0,18.0,8.0,3.0,6.0,3.0,1.6,0.5,1.2,15.0,10.0,2.5,2.0,26.0,9.0,2.36363636364,0.818181818182,25.0,2.27272727273
119,21/11/16,West Brom,Burnley,4,0,H,3,0,H,M Jones,6.0,6.0,9.0,6.0,1.2,1.0,1.8,1.0,5.0,8.0,1.0,1.33333333333,12.0,15.0,1.09090909091,1.36363636364,13.0,1.18181818182,10.0,1.0,6.0,9.0,1.42857142857,0.25,0.857142857143,2.25,13.0,1.0,1.85714285714,0.25,11.0,15.0,1.0,1.36363636364,14.0,1.27272727273
120,26/11/16,Burnley,Man City,1,2,A,1,1,D,A Marriner,10.0,1.0,6.0,13.0,1.42857142857,0.2,0.857142857143,2.6,13.0,1.0,1.85714285714,0.2,11.0,19.0,0.916666666667,1.58333333333,14.0,1.16666666667,12.0,15.0,5.0,6.0,2.0,2.5,0.833333333333,1.0,12.0,15.0,2.0,2.5,27.0,11.0,2.25,0.916666666667,27.0,2.25
121,26/11/16,Chelsea,Tottenham,2,1,H,1,1,D,M Oliver,18.0,9.0,3.0,6.0,3.0,1.5,0.5,1.0,15.0,13.0,2.5,2.16666666667,27.0,9.0,2.25,0.75,28.0,2.33333333333,9.0,9.0,4.0,4.0,1.5,1.5,0.666666666667,0.666666666667,14.0,10.0,2.33333333333,1.66666666667,18.0,8.0,1.5,0.666666666667,24.0,2.0
122,26/11/16,Hull,West Brom,1,1,D,0,1,A,P Tierney,5.0,5.0,11.0,16.0,0.833333333333,0.833333333333,1.83333333333,2.66666666667,6.0,4.0,1.0,0.666666666667,10.0,27.0,0.833333333333,2.25,10.0,0.833333333333,10.0,6.0,9.0,6.0,1.66666666667,1.0,1.5,1.0,8.0,8.0,1.33333333333,1.33333333333,16.0,15.0,1.33333333333,1.25,16.0,1.33333333333
123,26/11/16,Leicester,Middlesbrough,2,2,D,1,1,D,L Mason,9.0,5.0,4.0,16.0,1.5,0.833333333333,0.666666666667,2.66666666667,11.0,1.0,1.83333333333,0.166666666667,14.0,20.0,1.16666666667,1.66666666667,12.0,1.0,5.0,5.0,7.0,6.0,0.833333333333,0.833333333333,1.16666666667,1.0,4.0,7.0,0.666666666667,1.16666666667,10.0,13.0,0.833333333333,1.08333333333,11.0,0.916666666667
124,26/11/16,Liverpool,Sunderland,2,0,H,0,0,D,A Taylor,17.0,13.0,4.0,10.0,3.4,1.85714285714,0.8,1.42857142857,13.0,14.0,2.6,2.0,30.0,14.0,2.5,1.16666666667,27.0,2.25,8.0,4.0,13.0,8.0,1.33333333333,0.666666666667,2.16666666667,1.33333333333,4.0,4.0,0.666666666667,0.666666666667,12.0,21.0,1.0,1.75,8.0,0.666666666667
125,26/11/16,Swansea,Crystal Palace,5,4,H,1,1,D,K Friend,5.0,6.0,12.0,10.0,0.833333333333,1.0,2.0,1.66666666667,2.0,4.0,0.333333333333,0.666666666667,11.0,22.0,0.916666666667,1.83333333333,6.0,0.5,8.0,9.0,10.0,11.0,1.33333333333,1.5,1.66666666667,1.83333333333,4.0,7.0,0.666666666667,1.16666666667,17.0,21.0,1.41666666667,1.75,11.0,0.916666666667
126,27/11/16,Arsenal,Bournemouth,3,1,H,1,1,D,M Jones,12.0,13.0,8.0,4.0,2.0,2.16666666667,1.33333333333,0.666666666667,11.0,14.0,1.83333333333,2.33333333333,25.0,12.0,2.08333333333,1.0,25.0,2.08333333333,10.0,4.0,6.0,10.0,1.66666666667,0.666666666667,1.0,1.66666666667,10.0,5.0,1.66666666667,0.833333333333,14.0,16.0,1.16666666667,1.33333333333,15.0,1.25
127,27/11/16,Man United,West Ham,1,1,D,1,1,D,J Moss,9.0,8.0,5.0,9.0,1.5,1.33333333333,0.833333333333,1.5,9.0,10.0,1.5,1.66666666667,17.0,14.0,1.41666666667,1.16666666667,19.0,1.58333333333,6.0,7.0,9.0,14.0,1.0,1.16666666667,1.5,2.33333333333,8.0,3.0,1.33333333333,0.5,13.0,23.0,1.08333333333,1.91666666667,11.0,0.916666666667
128,27/11/16,Southampton,Everton,1,0,H,1,0,H,C Pawson,6.0,6.0,5.0,7.0,1.0,1.0,0.833333333333,1.16666666667,9.0,5.0,1.5,0.833333333333,12.0,12.0,1.0,1.0,14.0,1.16666666667,9.0,7.0,4.0,10.0,1.5,1.16666666667,0.666666666667,1.66666666667,12.0,7.0,2.0,1.16666666667,16.0,14.0,1.33333333333,1.16666666667,19.0,1.58333333333
129,27/11/16,Watford,Stoke,0,1,A,0,1,A,R Madley,10.0,7.0,9.0,11.0,1.66666666667,1.16666666667,1.5,1.83333333333,10.0,8.0,1.66666666667,1.33333333333,17.0,20.0,1.41666666667,1.66666666667,18.0,1.5,7.0,6.0,11.0,8.0,1.16666666667,1.0,1.83333333333,1.33333333333,7.0,6.0,1.16666666667,1.0,13.0,19.0,1.08333333333,1.58333333333,13.0,1.08333333333
130,03/12/16,Crystal Palace,Southampton,3,0,H,2,0,H,N Swarbrick,8.0,13.0,10.0,16.0,1.33333333333,1.85714285714,1.66666666667,2.28571428571,4.0,7.0,0.666666666667,1.0,21.0,26.0,1.61538461538,2.0,11.0,0.846153846154,7.0,6.0,5.0,7.0,1.0,1.0,0.714285714286,1.16666666667,12.0,5.0,1.71428571429,0.833333333333,13.0,12.0,1.0,0.923076923077,17.0,1.30769230769
131,03/12/16,Man City,Chelsea,1,3,A,1,0,H,A Taylor,12.0,17.0,5.0,7.0,2.0,2.42857142857,0.833333333333,1.0,12.0,18.0,2.0,2.57142857143,29.0,12.0,2.23076923077,0.923076923077,30.0,2.30769230769,20.0,9.0,4.0,6.0,2.85714285714,1.5,0.571428571429,1.0,18.0,13.0,2.57142857143,2.16666666667,29.0,10.0,2.23076923077,0.769230769231,31.0,2.38461538462
132,03/12/16,Stoke,Burnley,2,0,H,2,0,H,M Clattenburg,7.0,7.0,11.0,8.0,1.16666666667,1.0,1.83333333333,1.14285714286,7.0,9.0,1.16666666667,1.28571428571,14.0,19.0,1.07692307692,1.46153846154,16.0,1.23076923077,11.0,1.0,8.0,13.0,1.375,0.2,1.0,2.6,13.0,1.0,1.625,0.2,12.0,21.0,0.923076923077,1.61538461538,14.0,1.07692307692
133,03/12/16,Sunderland,Leicester,2,1,H,0,0,D,A Marriner,8.0,4.0,13.0,10.0,1.33333333333,0.571428571429,2.16666666667,1.42857142857,4.0,4.0,0.666666666667,0.571428571429,12.0,23.0,0.923076923077,1.76923076923,8.0,0.615384615385,11.0,5.0,6.0,16.0,1.57142857143,0.833333333333,0.857142857143,2.66666666667,12.0,1.0,1.71428571429,0.166666666667,16.0,22.0,1.23076923077,1.69230769231,13.0,1.0
134,03/12/16,Tottenham,Swansea,5,0,H,2,0,H,J Moss,9.0,10.0,4.0,6.0,1.5,1.42857142857,0.666666666667,0.857142857143,14.0,10.0,2.33333333333,1.42857142857,19.0,10.0,1.46153846154,0.769230769231,24.0,1.84615384615,10.0,6.0,16.0,10.0,1.42857142857,1.0,2.28571428571,1.66666666667,5.0,4.0,0.714285714286,0.666666666667,16.0,26.0,1.23076923077,2.0,9.0,0.692307692308
135,03/12/16,West Brom,Watford,3,1,H,2,0,H,G Scott,10.0,7.0,9.0,7.0,1.66666666667,1.0,1.5,1.0,8.0,9.0,1.33333333333,1.28571428571,17.0,16.0,1.30769230769,1.23076923077,17.0,1.30769230769,10.0,7.0,10.0,11.0,1.42857142857,1.16666666667,1.42857142857,1.83333333333,10.0,8.0,1.42857142857,1.33333333333,17.0,21.0,1.30769230769,1.61538461538,18.0,1.38461538462
136,03/12/16,West Ham,Arsenal,1,5,A,0,1,A,C Pawson,6.0,8.0,9.0,15.0,1.0,1.14285714286,1.5,2.14285714286,8.0,4.0,1.33333333333,0.571428571429,14.0,24.0,1.07692307692,1.84615384615,12.0,0.923076923077,15.0,13.0,9.0,4.0,2.14285714286,2.16666666667,1.28571428571,0.666666666667,14.0,14.0,2.0,2.33333333333,28.0,13.0,2.15384615385,1.0,28.0,2.15384615385
137,04/12/16,Bournemouth,Liverpool,4,3,H,0,2,A,R Madley,10.0,5.0,6.0,13.0,1.66666666667,0.714285714286,1.0,1.85714285714,10.0,5.0,1.66666666667,0.714285714286,15.0,19.0,1.15384615385,1.46153846154,15.0,1.15384615385,19.0,13.0,4.0,10.0,3.16666666667,1.85714285714,0.666666666667,1.42857142857,16.0,14.0,2.66666666667,2.0,32.0,14.0,2.46153846154,1.07692307692,30.0,2.30769230769
138,04/12/16,Everton,Man United,1,1,D,0,1,A,M Oliver,9.0,7.0,4.0,11.0,1.5,1.0,0.666666666667,1.57142857143,12.0,7.0,2.0,1.0,16.0,15.0,1.23076923077,1.15384615385,19.0,1.46153846154,10.0,8.0,6.0,9.0,1.42857142857,1.33333333333,0.857142857143,1.5,10.0,10.0,1.42857142857,1.66666666667,18.0,15.0,1.38461538462,1.15384615385,20.0,1.53846153846
139,05/12/16,Middlesbrough,Hull,1,0,H,0,0,D,M Dean,5.0,7.0,7.0,8.0,0.833333333333,1.0,1.16666666667,1.14285714286,4.0,8.0,0.666666666667,1.14285714286,12.0,15.0,0.923076923077,1.15384615385,12.0,0.923076923077,6.0,5.0,12.0,16.0,0.857142857143,0.833333333333,1.71428571429,2.66666666667,7.0,4.0,1.0,0.666666666667,11.0,28.0,0.846153846154,2.15384615385,11.0,0.846153846154
140,10/12/16,Arsenal,Stoke,3,1,H,1,1,D,L Mason,15.0,18.0,9.0,5.0,2.14285714286,2.57142857143,1.28571428571,0.714285714286,14.0,17.0,2.0,2.42857142857,33.0,14.0,2.35714285714,1.0,31.0,2.21428571429,9.0,7.0,11.0,8.0,1.28571428571,1.0,1.57142857143,1.14285714286,10.0,9.0,1.42857142857,1.28571428571,16.0,19.0,1.14285714286,1.35714285714,19.0,1.35714285714
141,10/12/16,Burnley,Bournemouth,3,2,H,2,1,H,M Atkinson,11.0,1.0,8.0,15.0,1.375,0.166666666667,1.0,2.5,13.0,1.0,1.625,0.166666666667,12.0,23.0,0.857142857143,1.64285714286,14.0,1.0,14.0,5.0,9.0,13.0,2.0,0.714285714286,1.28571428571,1.85714285714,13.0,5.0,1.85714285714,0.714285714286,19.0,22.0,1.35714285714,1.57142857143,18.0,1.28571428571
142,10/12/16,Hull,Crystal Palace,3,3,D,1,0,H,M Jones,6.0,5.0,12.0,17.0,0.857142857143,0.714285714286,1.71428571429,2.42857142857,7.0,4.0,1.0,0.571428571429,11.0,29.0,0.785714285714,2.07142857143,11.0,0.785714285714,11.0,13.0,10.0,16.0,1.57142857143,1.85714285714,1.42857142857,2.28571428571,7.0,7.0,1.0,1.0,24.0,26.0,1.71428571429,1.85714285714,14.0,1.0
143,10/12/16,Leicester,Man City,4,2,H,3,0,H,M Oliver,11.0,6.0,6.0,18.0,1.57142857143,0.857142857143,0.857142857143,2.57142857143,12.0,1.0,1.71428571429,0.142857142857,17.0,24.0,1.21428571429,1.71428571429,13.0,0.928571428571,13.0,17.0,8.0,7.0,1.85714285714,2.42857142857,1.14285714286,1.0,12.0,18.0,1.71428571429,2.57142857143,30.0,15.0,2.14285714286,1.07142857143,30.0,2.14285714286
144,10/12/16,Swansea,Sunderland,3,0,H,0,0,D,C Pawson,10.0,6.0,16.0,15.0,1.42857142857,0.857142857143,2.28571428571,2.14285714286,5.0,4.0,0.714285714286,0.571428571429,16.0,31.0,1.14285714286,2.21428571429,9.0,0.642857142857,10.0,4.0,14.0,10.0,1.42857142857,0.571428571429,2.0,1.42857142857,7.0,4.0,1.0,0.571428571429,14.0,24.0,1.0,1.71428571429,11.0,0.785714285714
145,10/12/16,Watford,Everton,3,2,H,1,1,D,A Taylor,10.0,8.0,10.0,14.0,1.42857142857,1.14285714286,1.42857142857,2.0,10.0,8.0,1.42857142857,1.14285714286,18.0,24.0,1.28571428571,1.71428571429,18.0,1.28571428571,10.0,7.0,5.0,11.0,1.42857142857,1.0,0.714285714286,1.57142857143,13.0,7.0,1.85714285714,1.0,17.0,16.0,1.21428571429,1.14285714286,20.0,1.42857142857
146,11/12/16,Chelsea,West Brom,1,0,H,0,0,D,M Dean,20.0,12.0,4.0,7.0,2.85714285714,1.71428571429,0.571428571429,1.0,18.0,16.0,2.57142857143,2.28571428571,32.0,11.0,2.28571428571,0.785714285714,34.0,2.42857142857,13.0,7.0,10.0,7.0,1.85714285714,1.0,1.42857142857,1.0,11.0,9.0,1.57142857143,1.28571428571,20.0,17.0,1.42857142857,1.21428571429,20.0,1.42857142857
147,11/12/16,Liverpool,West Ham,2,2,D,1,2,A,M Clattenburg,19.0,16.0,4.0,14.0,3.16666666667,2.0,0.666666666667,1.75,16.0,14.0,2.66666666667,1.75,35.0,18.0,2.5,1.28571428571,30.0,2.14285714286,7.0,8.0,14.0,15.0,1.0,1.14285714286,2.0,2.14285714286,8.0,4.0,1.14285714286,0.571428571429,15.0,29.0,1.07142857143,2.07142857143,12.0,0.857142857143
148,11/12/16,Man United,Tottenham,1,0,H,1,0,H,R Madley,10.0,9.0,6.0,10.0,1.42857142857,1.28571428571,0.857142857143,1.42857142857,10.0,11.0,1.42857142857,1.57142857143,19.0,16.0,1.35714285714,1.14285714286,21.0,1.5,14.0,10.0,4.0,6.0,2.0,1.42857142857,0.571428571429,0.857142857143,17.0,10.0,2.42857142857,1.42857142857,24.0,10.0,1.71428571429,0.714285714286,27.0,1.92857142857
149,11/12/16,Southampton,Middlesbrough,1,0,H,0,0,D,S Attwell,7.0,6.0,5.0,10.0,1.0,0.857142857143,0.714285714286,1.42857142857,12.0,5.0,1.71428571429,0.714285714286,13.0,15.0,0.928571428571,1.07142857143,17.0,1.21428571429,6.0,7.0,7.0,8.0,0.857142857143,1.0,1.0,1.14285714286,7.0,8.0,1.0,1.14285714286,13.0,15.0,0.928571428571,1.07142857143,15.0,1.07142857143
150,13/12/16,Bournemouth,Leicester,1,0,H,1,0,H,P Tierney,14.0,7.0,9.0,16.0,2.0,0.875,1.28571428571,2.0,13.0,5.0,1.85714285714,0.625,21.0,25.0,1.4,1.66666666667,18.0,1.2,15.0,6.0,8.0,18.0,1.875,0.857142857143,1.0,2.57142857143,15.0,1.0,1.875,0.142857142857,21.0,26.0,1.4,1.73333333333,16.0,1.06666666667
151,13/12/16,Everton,Arsenal,2,1,H,1,1,D,M Clattenburg,10.0,9.0,5.0,14.0,1.42857142857,1.125,0.714285714286,1.75,13.0,7.0,1.85714285714,0.875,19.0,19.0,1.26666666667,1.26666666667,20.0,1.33333333333,18.0,18.0,10.0,5.0,2.25,2.57142857143,1.25,0.714285714286,17.0,17.0,2.125,2.42857142857,36.0,15.0,2.4,1.0,34.0,2.26666666667
152,14/12/16,Crystal Palace,Man United,1,2,A,0,1,A,C Pawson,11.0,16.0,10.0,19.0,1.57142857143,2.0,1.42857142857,2.375,7.0,8.0,1.0,1.0,27.0,29.0,1.8,1.93333333333,15.0,1.0,11.0,9.0,6.0,10.0,1.375,1.28571428571,0.75,1.42857142857,13.0,11.0,1.625,1.57142857143,20.0,16.0,1.33333333333,1.06666666667,24.0,1.6
153,14/12/16,Man City,Watford,2,0,H,1,0,H,K Friend,13.0,19.0,8.0,11.0,1.85714285714,2.375,1.14285714286,1.375,12.0,18.0,1.71428571429,2.25,32.0,19.0,2.13333333333,1.26666666667,30.0,2.0,13.0,8.0,12.0,14.0,1.625,1.14285714286,1.5,2.0,13.0,8.0,1.625,1.14285714286,21.0,26.0,1.4,1.73333333333,21.0,1.4
154,14/12/16,Middlesbrough,Liverpool,0,3,A,0,1,A,J Moss,6.0,7.0,7.0,9.0,0.857142857143,0.875,1.0,1.125,7.0,8.0,1.0,1.0,13.0,16.0,0.866666666667,1.06666666667,15.0,1.0,21.0,16.0,6.0,14.0,3.0,2.0,0.857142857143,1.75,17.0,14.0,2.42857142857,1.75,37.0,20.0,2.46666666667,1.33333333333,31.0,2.06666666667
155,14/12/16,Stoke,Southampton,0,0,D,0,0,D,A Taylor,9.0,8.0,11.0,11.0,1.28571428571,1.0,1.57142857143,1.375,10.0,9.0,1.42857142857,1.125,17.0,22.0,1.13333333333,1.46666666667,19.0,1.26666666667,8.0,6.0,5.0,10.0,1.0,0.857142857143,0.625,1.42857142857,15.0,5.0,1.875,0.714285714286,14.0,15.0,0.933333333333,1.0,20.0,1.33333333333
156,14/12/16,Sunderland,Chelsea,0,1,A,0,1,A,N Swarbrick,10.0,4.0,14.0,13.0,1.42857142857,0.5,2.0,1.625,7.0,4.0,1.0,0.5,14.0,27.0,0.933333333333,1.8,11.0,0.733333333333,21.0,12.0,4.0,7.0,2.625,1.71428571429,0.5,1.0,21.0,16.0,2.625,2.28571428571,33.0,11.0,2.2,0.733333333333,37.0,2.46666666667
157,14/12/16,Tottenham,Hull,3,0,H,1,0,H,A Marriner,14.0,10.0,4.0,7.0,2.0,1.25,0.571428571429,0.875,17.0,10.0,2.42857142857,1.25,24.0,11.0,1.6,0.733333333333,27.0,1.8,9.0,5.0,15.0,17.0,1.125,0.714285714286,1.875,2.42857142857,8.0,4.0,1.0,0.571428571429,14.0,32.0,0.933333333333,2.13333333333,12.0,0.8
158,14/12/16,West Brom,Swansea,3,1,H,0,0,D,M Oliver,13.0,7.0,10.0,8.0,1.85714285714,0.875,1.42857142857,1.0,11.0,9.0,1.57142857143,1.125,20.0,18.0,1.33333333333,1.2,20.0,1.33333333333,13.0,6.0,16.0,15.0,1.625,0.857142857143,2.0,2.14285714286,8.0,4.0,1.0,0.571428571429,19.0,31.0,1.26666666667,2.06666666667,12.0,0.8
159,14/12/16,West Ham,Burnley,1,0,H,1,0,H,R Madley,7.0,10.0,14.0,17.0,1.0,1.25,2.0,2.125,8.0,5.0,1.14285714286,0.625,17.0,31.0,1.13333333333,2.06666666667,13.0,0.866666666667,14.0,1.0,10.0,15.0,1.55555555556,0.166666666667,1.11111111111,2.5,16.0,1.0,1.77777777778,0.166666666667,15.0,25.0,1.0,1.66666666667,17.0,1.13333333333
160,17/12/16,Crystal Palace,Chelsea,0,1,A,0,1,A,J Moss,12.0,16.0,12.0,19.0,1.5,2.0,1.5,2.375,7.0,8.0,0.875,1.0,28.0,31.0,1.75,1.9375,15.0,0.9375,21.0,13.0,4.0,7.0,2.625,1.625,0.5,0.875,21.0,19.0,2.625,2.375,34.0,11.0,2.125,0.6875,40.0,2.5
161,17/12/16,Middlesbrough,Swansea,3,0,H,2,0,H,N Swarbrick,6.0,7.0,10.0,9.0,0.75,0.875,1.25,1.125,7.0,8.0,0.875,1.0,13.0,19.0,0.8125,1.1875,15.0,0.9375,13.0,7.0,16.0,18.0,1.625,0.875,2.0,2.25,8.0,4.0,1.0,0.5,20.0,34.0,1.25,2.125,12.0,0.75
162,17/12/16,Stoke,Leicester,2,2,D,2,0,H,C Pawson,9.0,8.0,11.0,11.0,1.125,1.0,1.375,1.375,11.0,9.0,1.375,1.125,17.0,22.0,1.0625,1.375,20.0,1.25,15.0,6.0,8.0,19.0,1.875,0.75,1.0,2.375,15.0,1.0,1.875,0.125,21.0,27.0,1.3125,1.6875,16.0,1.0
163,17/12/16,Sunderland,Watford,1,0,H,0,0,D,R Madley,10.0,4.0,15.0,13.0,1.25,0.5,1.875,1.625,7.0,4.0,0.875,0.5,14.0,28.0,0.875,1.75,11.0,0.6875,13.0,8.0,12.0,16.0,1.625,1.0,1.5,2.0,13.0,8.0,1.625,1.0,21.0,28.0,1.3125,1.75,21.0,1.3125
164,17/12/16,West Brom,Man United,0,2,A,0,1,A,A Taylor,16.0,7.0,11.0,8.0,2.0,0.875,1.375,1.0,14.0,9.0,1.75,1.125,23.0,19.0,1.4375,1.1875,23.0,1.4375,11.0,11.0,6.0,11.0,1.375,1.375,0.75,1.375,13.0,14.0,1.625,1.75,22.0,17.0,1.375,1.0625,27.0,1.6875
165,17/12/16,West Ham,Hull,1,0,H,0,0,D,L Mason,8.0,10.0,14.0,17.0,1.0,1.25,1.75,2.125,11.0,5.0,1.375,0.625,18.0,31.0,1.125,1.9375,16.0,1.0,9.0,5.0,15.0,20.0,1.125,0.625,1.875,2.5,8.0,4.0,1.0,0.5,14.0,35.0,0.875,2.1875,12.0,0.75
166,18/12/16,Bournemouth,Southampton,1,3,A,1,1,D,M Clattenburg,15.0,7.0,9.0,16.0,1.875,0.875,1.125,2.0,16.0,5.0,2.0,0.625,22.0,25.0,1.375,1.5625,21.0,1.3125,8.0,6.0,5.0,10.0,1.0,0.75,0.625,1.25,15.0,6.0,1.875,0.75,14.0,15.0,0.875,0.9375,21.0,1.3125
167,18/12/16,Man City,Arsenal,2,1,H,0,1,A,M Atkinson,15.0,19.0,8.0,11.0,1.875,2.375,1.0,1.375,15.0,18.0,1.875,2.25,34.0,19.0,2.125,1.1875,33.0,2.0625,18.0,19.0,10.0,7.0,2.25,2.375,1.25,0.875,17.0,17.0,2.125,2.125,37.0,17.0,2.3125,1.0625,34.0,2.125
168,18/12/16,Tottenham,Burnley,2,1,H,1,1,D,K Friend,17.0,10.0,4.0,7.0,2.125,1.25,0.5,0.875,20.0,10.0,2.5,1.25,27.0,11.0,1.6875,0.6875,30.0,1.875,14.0,1.0,10.0,16.0,1.55555555556,0.142857142857,1.11111111111,2.28571428571,16.0,1.0,1.77777777778,0.142857142857,15.0,26.0,0.9375,1.625,17.0,1.0625
169,19/12/16,Everton,Liverpool,0,1,A,0,0,D,M Dean,12.0,9.0,6.0,14.0,1.5,1.125,0.75,1.75,16.0,7.0,2.0,0.875,21.0,20.0,1.3125,1.25,23.0,1.4375,21.0,19.0,6.0,14.0,3.0,2.11111111111,0.857142857143,1.55555555556,17.0,17.0,2.42857142857,1.88888888889,40.0,20.0,2.5,1.25,34.0,2.125
170,26/12/16,Arsenal,West Brom,1,0,H,0,0,D,N Swarbrick,18.0,20.0,10.0,9.0,2.25,2.22222222222,1.25,1.0,17.0,17.0,2.125,1.88888888889,38.0,19.0,2.23529411765,1.11764705882,34.0,2.0,16.0,7.0,13.0,8.0,1.77777777778,0.875,1.44444444444,1.0,14.0,9.0,1.55555555556,1.125,23.0,21.0,1.35294117647,1.23529411765,23.0,1.35294117647
171,26/12/16,Burnley,Middlesbrough,1,0,H,0,0,D,C Pawson,14.0,2.0,10.0,18.0,1.55555555556,0.25,1.11111111111,2.25,16.0,1.0,1.77777777778,0.125,16.0,28.0,0.941176470588,1.64705882353,17.0,1.0,9.0,7.0,10.0,9.0,1.0,0.875,1.11111111111,1.125,10.0,8.0,1.11111111111,1.0,16.0,19.0,0.941176470588,1.11764705882,18.0,1.05882352941
172,26/12/16,Chelsea,Bournemouth,3,0,H,1,0,H,M Jones,21.0,14.0,4.0,7.0,2.625,1.55555555556,0.5,0.777777777778,21.0,22.0,2.625,2.44444444444,35.0,11.0,2.05882352941,0.647058823529,43.0,2.52941176471,16.0,7.0,12.0,16.0,1.77777777778,0.875,1.33333333333,2.0,16.0,5.0,1.77777777778,0.625,23.0,28.0,1.35294117647,1.64705882353,21.0,1.23529411765
173,26/12/16,Hull,Man City,0,3,A,0,0,D,R Madley,9.0,5.0,15.0,21.0,1.125,0.555555555556,1.875,2.33333333333,8.0,4.0,1.0,0.444444444444,14.0,36.0,0.823529411765,2.11764705882,12.0,0.705882352941,17.0,19.0,9.0,11.0,1.88888888889,2.375,1.0,1.375,18.0,18.0,2.0,2.25,36.0,20.0,2.11764705882,1.17647058824,36.0,2.11764705882
174,26/12/16,Leicester,Everton,0,2,A,0,0,D,S Attwell,15.0,8.0,8.0,21.0,1.875,0.888888888889,1.0,2.33333333333,15.0,2.0,1.875,0.222222222222,23.0,29.0,1.35294117647,1.70588235294,17.0,1.0,12.0,9.0,7.0,14.0,1.33333333333,1.125,0.777777777778,1.75,16.0,7.0,1.77777777778,0.875,21.0,21.0,1.23529411765,1.23529411765,23.0,1.35294117647
175,26/12/16,Man United,Sunderland,3,1,H,1,0,H,M Atkinson,11.0,13.0,6.0,11.0,1.375,1.44444444444,0.75,1.22222222222,13.0,17.0,1.625,1.88888888889,24.0,17.0,1.41176470588,1.0,30.0,1.76470588235,11.0,4.0,15.0,13.0,1.22222222222,0.5,1.66666666667,1.625,10.0,4.0,1.11111111111,0.5,15.0,28.0,0.882352941176,1.64705882353,14.0,0.823529411765
176,26/12/16,Swansea,West Ham,1,4,A,0,1,A,A Marriner,13.0,7.0,16.0,21.0,1.625,0.777777777778,2.0,2.33333333333,8.0,4.0,1.0,0.444444444444,20.0,37.0,1.17647058824,2.17647058824,12.0,0.705882352941,9.0,10.0,14.0,17.0,1.0,1.25,1.55555555556,2.125,14.0,5.0,1.55555555556,0.625,19.0,31.0,1.11764705882,1.82352941176,19.0,1.11764705882
177,26/12/16,Watford,Crystal Palace,1,1,D,0,1,A,M Clattenburg,13.0,8.0,12.0,17.0,1.625,0.888888888889,1.5,1.88888888889,13.0,8.0,1.625,0.888888888889,21.0,29.0,1.23529411765,1.70588235294,21.0,1.23529411765,12.0,16.0,13.0,19.0,1.33333333333,2.0,1.44444444444,2.375,7.0,8.0,0.777777777778,1.0,28.0,32.0,1.64705882353,1.88235294118,15.0,0.882352941176
178,27/12/16,Liverpool,Stoke,4,1,H,2,1,H,M Oliver,21.0,20.0,6.0,14.0,3.0,2.0,0.857142857143,1.4,17.0,20.0,2.42857142857,2.0,41.0,20.0,2.41176470588,1.17647058824,37.0,2.17647058824,11.0,8.0,13.0,11.0,1.22222222222,1.0,1.44444444444,1.375,12.0,9.0,1.33333333333,1.125,19.0,24.0,1.11764705882,1.41176470588,21.0,1.23529411765
179,28/12/16,Southampton,Tottenham,1,4,A,1,1,D,M Dean,8.0,9.0,5.0,11.0,1.0,1.0,0.625,1.22222222222,15.0,9.0,1.875,1.0,17.0,16.0,1.0,0.941176470588,24.0,1.41176470588,19.0,10.0,5.0,7.0,2.11111111111,1.25,0.555555555556,0.875,23.0,10.0,2.55555555556,1.25,29.0,12.0,1.70588235294,0.705882352941,33.0,1.94117647059
180,30/12/16,Hull,Everton,2,2,D,1,1,D,J Moss,9.0,5.0,18.0,21.0,1.0,0.555555555556,2.0,2.33333333333,8.0,4.0,0.888888888889,0.444444444444,14.0,39.0,0.777777777778,2.16666666667,12.0,0.666666666667,12.0,11.0,7.0,14.0,1.33333333333,1.22222222222,0.777777777778,1.55555555556,16.0,10.0,1.77777777778,1.11111111111,23.0,21.0,1.27777777778,1.16666666667,26.0,1.44444444444
181,31/12/16,Burnley,Sunderland,4,1,H,1,0,H,G Scott,15.0,2.0,10.0,18.0,1.5,0.25,1.0,2.25,19.0,1.0,1.9,0.125,17.0,28.0,0.944444444444,1.55555555556,20.0,1.11111111111,11.0,5.0,15.0,16.0,1.22222222222,0.555555555556,1.66666666667,1.77777777778,10.0,4.0,1.11111111111,0.444444444444,16.0,31.0,0.888888888889,1.72222222222,14.0,0.777777777778
182,31/12/16,Chelsea,Stoke,4,2,H,1,0,H,R Madley,24.0,14.0,4.0,7.0,2.66666666667,1.55555555556,0.444444444444,0.777777777778,24.0,22.0,2.66666666667,2.44444444444,38.0,11.0,2.11111111111,0.611111111111,46.0,2.55555555556,11.0,9.0,13.0,15.0,1.22222222222,1.0,1.44444444444,1.66666666667,12.0,9.0,1.33333333333,1.0,20.0,28.0,1.11111111111,1.55555555556,21.0,1.16666666667
183,31/12/16,Leicester,West Ham,1,0,H,1,0,H,A Taylor,15.0,8.0,10.0,21.0,1.66666666667,0.888888888889,1.11111111111,2.33333333333,15.0,2.0,1.66666666667,0.222222222222,23.0,31.0,1.27777777778,1.72222222222,17.0,0.944444444444,9.0,14.0,14.0,18.0,1.0,1.55555555556,1.55555555556,2.0,14.0,8.0,1.55555555556,0.888888888889,23.0,32.0,1.27777777778,1.77777777778,22.0,1.22222222222
184,31/12/16,Liverpool,Man City,1,0,H,1,0,H,C Pawson,25.0,20.0,7.0,14.0,3.125,2.0,0.875,1.4,20.0,20.0,2.5,2.0,45.0,21.0,2.5,1.16666666667,40.0,2.22222222222,17.0,22.0,9.0,11.0,1.88888888889,2.44444444444,1.0,1.22222222222,18.0,21.0,2.0,2.33333333333,39.0,20.0,2.16666666667,1.11111111111,39.0,2.16666666667
185,31/12/16,Man United,Middlesbrough,2,1,H,0,0,D,L Mason,14.0,13.0,7.0,11.0,1.55555555556,1.44444444444,0.777777777778,1.22222222222,16.0,17.0,1.77777777778,1.88888888889,27.0,18.0,1.5,1.0,33.0,1.83333333333,9.0,7.0,10.0,10.0,1.0,0.777777777778,1.11111111111,1.11111111111,10.0,8.0,1.11111111111,0.888888888889,16.0,20.0,0.888888888889,1.11111111111,18.0,1.0
186,31/12/16,Southampton,West Brom,1,2,A,1,1,D,M Jones,9.0,9.0,9.0,11.0,1.0,1.0,1.0,1.22222222222,15.0,9.0,1.66666666667,1.0,18.0,20.0,1.0,1.11111111111,24.0,1.33333333333,16.0,7.0,13.0,9.0,1.77777777778,0.777777777778,1.44444444444,1.0,14.0,9.0,1.55555555556,1.0,23.0,22.0,1.27777777778,1.22222222222,23.0,1.27777777778
187,31/12/16,Swansea,Bournemouth,0,3,A,0,2,A,K Friend,14.0,7.0,20.0,21.0,1.55555555556,0.777777777778,2.22222222222,2.33333333333,8.0,4.0,0.888888888889,0.444444444444,21.0,41.0,1.16666666667,2.27777777778,12.0,0.666666666667,16.0,7.0,12.0,19.0,1.77777777778,0.777777777778,1.33333333333,2.11111111111,16.0,5.0,1.77777777778,0.555555555556,23.0,31.0,1.27777777778,1.72222222222,21.0,1.16666666667
188,01/01/17,Arsenal,Crystal Palace,2,0,H,1,0,H,A Marriner,19.0,20.0,10.0,9.0,2.11111111111,2.22222222222,1.11111111111,1.0,20.0,17.0,2.22222222222,1.88888888889,39.0,19.0,2.16666666667,1.05555555556,37.0,2.05555555556,12.0,17.0,13.0,20.0,1.33333333333,1.88888888889,1.44444444444,2.22222222222,7.0,9.0,0.777777777778,1.0,29.0,33.0,1.61111111111,1.83333333333,16.0,0.888888888889
189,01/01/17,Watford,Tottenham,1,4,A,0,3,A,M Oliver,14.0,8.0,13.0,17.0,1.55555555556,0.888888888889,1.44444444444,1.88888888889,14.0,8.0,1.55555555556,0.888888888889,22.0,30.0,1.22222222222,1.66666666667,22.0,1.22222222222,19.0,14.0,5.0,8.0,2.11111111111,1.55555555556,0.555555555556,0.888888888889,23.0,13.0,2.55555555556,1.44444444444,33.0,13.0,1.83333333333,0.722222222222,36.0,2.0
190,02/01/17,Everton,Southampton,3,0,H,0,0,D,K Friend,12.0,13.0,7.0,16.0,1.33333333333,1.3,0.777777777778,1.6,16.0,11.0,1.77777777778,1.1,25.0,23.0,1.31578947368,1.21052631579,27.0,1.42105263158,10.0,9.0,11.0,11.0,1.0,1.0,1.1,1.22222222222,15.0,9.0,1.5,1.0,19.0,22.0,1.0,1.15789473684,24.0,1.26315789474
191,02/01/17,Man City,Burnley,2,1,H,0,0,D,L Mason,17.0,22.0,9.0,12.0,1.88888888889,2.2,1.0,1.2,18.0,21.0,2.0,2.1,39.0,21.0,2.05263157895,1.10526315789,39.0,2.05263157895,19.0,2.0,11.0,18.0,1.72727272727,0.25,1.0,2.25,22.0,1.0,2.0,0.125,21.0,29.0,1.10526315789,1.52631578947,23.0,1.21052631579
192,02/01/17,Middlesbrough,Leicester,0,0,D,0,0,D,R Madley,9.0,8.0,10.0,12.0,1.0,0.8,1.11111111111,1.2,10.0,8.0,1.11111111111,0.8,17.0,22.0,0.894736842105,1.15789473684,18.0,0.947368421053,16.0,8.0,10.0,21.0,1.6,0.888888888889,1.0,2.33333333333,18.0,2.0,1.8,0.222222222222,24.0,31.0,1.26315789474,1.63157894737,20.0,1.05263157895
193,02/01/17,Sunderland,Liverpool,2,2,D,1,1,D,A Taylor,11.0,6.0,15.0,20.0,1.22222222222,0.6,1.66666666667,2.0,10.0,4.0,1.11111111111,0.4,17.0,35.0,0.894736842105,1.84210526316,14.0,0.736842105263,26.0,20.0,7.0,14.0,2.88888888889,2.0,0.777777777778,1.4,23.0,20.0,2.55555555556,2.0,46.0,21.0,2.42105263158,1.10526315789,43.0,2.26315789474
194,02/01/17,West Brom,Hull,3,1,H,0,1,A,M Clattenburg,16.0,9.0,13.0,10.0,1.77777777778,0.9,1.44444444444,1.0,14.0,12.0,1.55555555556,1.2,25.0,23.0,1.31578947368,1.21052631579,26.0,1.36842105263,11.0,5.0,20.0,21.0,1.1,0.555555555556,2.0,2.33333333333,9.0,4.0,0.9,0.444444444444,16.0,41.0,0.842105263158,2.15789473684,13.0,0.684210526316
195,02/01/17,West Ham,Man United,0,2,A,0,0,D,M Dean,9.0,14.0,14.0,19.0,1.0,1.4,1.55555555556,1.9,14.0,8.0,1.55555555556,0.8,23.0,33.0,1.21052631579,1.73684210526,22.0,1.15789473684,16.0,13.0,8.0,11.0,1.6,1.44444444444,0.8,1.22222222222,19.0,17.0,1.9,1.88888888889,29.0,19.0,1.52631578947,1.0,36.0,1.89473684211
196,03/01/17,Bournemouth,Arsenal,3,3,D,2,0,H,M Oliver,16.0,10.0,12.0,19.0,1.77777777778,1.0,1.33333333333,1.9,16.0,8.0,1.77777777778,0.8,26.0,31.0,1.36842105263,1.63157894737,24.0,1.26315789474,21.0,20.0,10.0,9.0,2.1,2.22222222222,1.0,1.0,23.0,17.0,2.3,1.88888888889,41.0,19.0,2.15789473684,1.0,40.0,2.10526315789
197,03/01/17,Crystal Palace,Swansea,1,2,A,0,1,A,P Tierney,12.0,17.0,13.0,22.0,1.33333333333,1.7,1.44444444444,2.2,7.0,9.0,0.777777777778,0.9,29.0,35.0,1.52631578947,1.84210526316,16.0,0.842105263158,14.0,7.0,23.0,21.0,1.4,0.777777777778,2.3,2.33333333333,8.0,4.0,0.8,0.444444444444,21.0,44.0,1.10526315789,2.31578947368,12.0,0.631578947368
198,03/01/17,Stoke,Watford,2,0,H,1,0,H,N Swarbrick,11.0,11.0,13.0,19.0,1.22222222222,1.1,1.44444444444,1.9,12.0,9.0,1.33333333333,0.9,22.0,32.0,1.15789473684,1.68421052632,21.0,1.10526315789,15.0,8.0,17.0,17.0,1.5,0.888888888889,1.7,1.88888888889,14.0,8.0,1.4,0.888888888889,23.0,34.0,1.21052631579,1.78947368421,22.0,1.15789473684
199,04/01/17,Tottenham,Chelsea,2,0,H,1,0,H,M Atkinson,19.0,18.0,5.0,9.0,2.11111111111,1.8,0.555555555556,0.9,23.0,16.0,2.55555555556,1.6,37.0,14.0,1.94736842105,0.736842105263,39.0,2.05263157895,28.0,14.0,6.0,7.0,2.8,1.55555555556,0.6,0.777777777778,27.0,22.0,2.7,2.44444444444,42.0,13.0,2.21052631579,0.684210526316,49.0,2.57894736842
200,14/01/17,Burnley,Southampton,1,0,H,0,0,D,P Tierney,19.0,3.0,11.0,20.0,1.72727272727,0.333333333333,1.0,2.22222222222,22.0,1.0,2.0,0.111111111111,22.0,31.0,1.1,1.55,23.0,1.15,10.0,9.0,11.0,14.0,1.0,0.9,1.1,1.4,15.0,9.0,1.5,0.9,19.0,25.0,0.95,1.25,24.0,1.2
201,14/01/17,Hull,Bournemouth,3,1,H,1,1,D,M Atkinson,11.0,6.0,20.0,24.0,1.1,0.6,2.0,2.4,9.0,4.0,0.9,0.4,17.0,44.0,0.85,2.2,13.0,0.65,19.0,10.0,15.0,19.0,1.9,1.0,1.5,1.9,17.0,8.0,1.7,0.8,29.0,34.0,1.45,1.7,25.0,1.25
202,14/01/17,Leicester,Chelsea,0,3,A,0,1,A,A Marriner,16.0,8.0,10.0,21.0,1.6,0.8,1.0,2.1,18.0,3.0,1.8,0.3,24.0,31.0,1.2,1.55,21.0,1.05,28.0,14.0,6.0,9.0,2.8,1.4,0.6,0.9,27.0,22.0,2.7,2.2,42.0,15.0,2.1,0.75,49.0,2.45
203,14/01/17,Sunderland,Stoke,1,3,A,1,3,A,M Dean,13.0,6.0,17.0,20.0,1.3,0.6,1.7,2.0,11.0,4.0,1.1,0.4,19.0,37.0,0.95,1.85,15.0,0.75,13.0,11.0,13.0,19.0,1.3,1.1,1.3,1.9,15.0,9.0,1.5,0.9,24.0,32.0,1.2,1.6,24.0,1.2
204,14/01/17,Swansea,Arsenal,0,4,A,0,1,A,M Jones,14.0,9.0,23.0,22.0,1.4,0.9,2.3,2.2,8.0,7.0,0.8,0.7,23.0,45.0,1.15,2.25,15.0,0.75,21.0,23.0,10.0,12.0,2.1,2.3,1.0,1.2,23.0,18.0,2.3,1.8,44.0,22.0,2.2,1.1,41.0,2.05
205,14/01/17,Tottenham,West Brom,4,0,H,2,0,H,A Taylor,21.0,18.0,5.0,9.0,2.1,1.8,0.5,0.9,26.0,16.0,2.6,1.6,39.0,14.0,1.95,0.7,42.0,2.1,19.0,9.0,14.0,10.0,1.9,0.9,1.4,1.0,17.0,12.0,1.7,1.2,28.0,24.0,1.4,1.2,29.0,1.45
206,14/01/17,Watford,Middlesbrough,0,0,D,0,0,D,J Moss,15.0,8.0,17.0,19.0,1.5,0.8,1.7,1.9,14.0,8.0,1.4,0.8,23.0,36.0,1.15,1.8,22.0,1.1,9.0,8.0,10.0,12.0,0.9,0.8,1.0,1.2,11.0,8.0,1.1,0.8,17.0,22.0,0.85,1.1,19.0,0.95
207,14/01/17,West Ham,Crystal Palace,3,0,H,0,0,D,N Swarbrick,9.0,14.0,16.0,19.0,0.9,1.4,1.6,1.9,14.0,8.0,1.4,0.8,23.0,35.0,1.15,1.75,22.0,1.1,13.0,17.0,15.0,22.0,1.3,1.7,1.5,2.2,7.0,9.0,0.7,0.9,30.0,37.0,1.5,1.85,16.0,0.8
208,15/01/17,Everton,Man City,4,0,H,1,0,H,M Clattenburg,15.0,13.0,7.0,16.0,1.5,1.3,0.7,1.6,19.0,11.0,1.9,1.1,28.0,23.0,1.4,1.15,30.0,1.5,19.0,22.0,10.0,12.0,1.9,2.2,1.0,1.2,21.0,21.0,2.1,2.1,41.0,22.0,2.05,1.1,42.0,2.1
209,15/01/17,Man United,Liverpool,1,1,D,0,1,A,M Oliver,16.0,15.0,8.0,11.0,1.6,1.5,0.8,1.1,19.0,20.0,1.9,2.0,31.0,19.0,1.55,0.95,39.0,1.95,26.0,22.0,7.0,16.0,2.88888888889,2.0,0.777777777778,1.45454545455,23.0,21.0,2.55555555556,1.90909090909,48.0,23.0,2.4,1.15,44.0,2.2
210,21/01/17,Bournemouth,Watford,2,2,D,0,1,A,L Mason,19.0,11.0,15.0,22.0,1.9,1.0,1.5,2.0,17.0,8.0,1.7,0.727272727273,30.0,37.0,1.42857142857,1.7619047619,25.0,1.19047619048,15.0,8.0,17.0,19.0,1.36363636364,0.8,1.54545454545,1.9,15.0,8.0,1.36363636364,0.8,23.0,36.0,1.09523809524,1.71428571429,23.0,1.09523809524
211,21/01/17,Crystal Palace,Everton,0,1,A,0,0,D,A Taylor,13.0,17.0,15.0,25.0,1.3,1.54545454545,1.5,2.27272727273,7.0,9.0,0.7,0.818181818182,30.0,40.0,1.42857142857,1.90476190476,16.0,0.761904761905,19.0,13.0,7.0,16.0,1.72727272727,1.3,0.636363636364,1.6,22.0,11.0,2.0,1.1,32.0,23.0,1.52380952381,1.09523809524,33.0,1.57142857143
212,21/01/17,Liverpool,Swansea,2,3,A,0,0,D,K Friend,26.0,23.0,7.0,17.0,2.88888888889,1.91666666667,0.777777777778,1.41666666667,23.0,22.0,2.55555555556,1.83333333333,49.0,24.0,2.33333333333,1.14285714286,45.0,2.14285714286,14.0,9.0,27.0,22.0,1.27272727273,0.9,2.45454545455,2.2,8.0,7.0,0.727272727273,0.7,23.0,49.0,1.09523809524,2.33333333333,15.0,0.714285714286
213,21/01/17,Man City,Tottenham,2,2,D,0,0,D,A Marriner,19.0,22.0,10.0,16.0,1.9,2.0,1.0,1.45454545455,21.0,21.0,2.1,1.90909090909,41.0,26.0,1.95238095238,1.2380952381,42.0,2.0,25.0,18.0,5.0,9.0,2.27272727273,1.8,0.454545454545,0.9,29.0,16.0,2.63636363636,1.6,43.0,14.0,2.04761904762,0.666666666667,45.0,2.14285714286
214,21/01/17,Middlesbrough,West Ham,1,3,A,1,2,A,M Atkinson,9.0,8.0,10.0,12.0,0.9,0.727272727273,1.0,1.09090909091,11.0,9.0,1.1,0.818181818182,17.0,22.0,0.809523809524,1.04761904762,20.0,0.952380952381,12.0,14.0,16.0,19.0,1.09090909091,1.4,1.45454545455,1.9,17.0,8.0,1.54545454545,0.8,26.0,35.0,1.2380952381,1.66666666667,25.0,1.19047619048
215,21/01/17,Stoke,Man United,1,1,D,1,0,H,M Clattenburg,13.0,14.0,13.0,20.0,1.3,1.27272727273,1.3,1.81818181818,15.0,12.0,1.5,1.09090909091,27.0,33.0,1.28571428571,1.57142857143,27.0,1.28571428571,17.0,15.0,9.0,11.0,1.54545454545,1.5,0.818181818182,1.1,20.0,20.0,1.81818181818,2.0,32.0,20.0,1.52380952381,0.952380952381,40.0,1.90476190476
216,21/01/17,West Brom,Sunderland,2,0,H,2,0,H,C Pawson,19.0,9.0,14.0,14.0,1.9,0.818181818182,1.4,1.27272727273,17.0,12.0,1.7,1.09090909091,28.0,28.0,1.33333333333,1.33333333333,29.0,1.38095238095,14.0,6.0,20.0,20.0,1.27272727273,0.6,1.81818181818,2.0,11.0,4.0,1.0,0.4,20.0,40.0,0.952380952381,1.90476190476,15.0,0.714285714286
217,22/01/17,Arsenal,Burnley,2,1,H,0,0,D,J Moss,21.0,27.0,10.0,12.0,2.1,2.45454545455,1.0,1.09090909091,23.0,21.0,2.3,1.90909090909,48.0,22.0,2.28571428571,1.04761904762,44.0,2.09523809524,20.0,3.0,11.0,20.0,1.66666666667,0.333333333333,0.916666666667,2.22222222222,25.0,1.0,2.08333333333,0.111111111111,23.0,31.0,1.09523809524,1.47619047619,26.0,1.2380952381
218,22/01/17,Chelsea,Hull,2,0,H,1,0,H,N Swarbrick,28.0,17.0,6.0,9.0,2.8,1.54545454545,0.6,0.818181818182,27.0,25.0,2.7,2.27272727273,45.0,15.0,2.14285714286,0.714285714286,52.0,2.47619047619,14.0,6.0,21.0,24.0,1.27272727273,0.6,1.90909090909,2.4,12.0,4.0,1.09090909091,0.4,20.0,45.0,0.952380952381,2.14285714286,16.0,0.761904761905
219,22/01/17,Southampton,Leicester,3,0,H,2,0,H,M Oliver,10.0,9.0,11.0,15.0,1.0,0.818181818182,1.1,1.36363636364,15.0,9.0,1.5,0.818181818182,19.0,26.0,0.904761904762,1.2380952381,24.0,1.14285714286,16.0,8.0,13.0,21.0,1.45454545455,0.8,1.18181818182,2.1,18.0,3.0,1.63636363636,0.3,24.0,34.0,1.14285714286,1.61904761905,21.0,1.0
220,31/01/17,Arsenal,Watford,1,2,A,0,2,A,A Marriner,23.0,27.0,11.0,12.0,2.09090909091,2.45454545455,1.0,1.09090909091,26.0,21.0,2.36363636364,1.90909090909,50.0,23.0,2.27272727273,1.04545454545,47.0,2.13636363636,15.0,10.0,17.0,21.0,1.36363636364,0.909090909091,1.54545454545,1.90909090909,15.0,9.0,1.36363636364,0.818181818182,25.0,38.0,1.13636363636,1.72727272727,24.0,1.09090909091
221,31/01/17,Bournemouth,Crystal Palace,0,2,A,0,0,D,J Moss,21.0,11.0,17.0,22.0,1.90909090909,1.0,1.54545454545,2.0,18.0,8.0,1.63636363636,0.727272727273,32.0,39.0,1.45454545455,1.77272727273,26.0,1.18181818182,13.0,17.0,16.0,25.0,1.18181818182,1.54545454545,1.45454545455,2.27272727273,7.0,9.0,0.636363636364,0.818181818182,30.0,41.0,1.36363636364,1.86363636364,16.0,0.727272727273
222,31/01/17,Burnley,Leicester,1,0,H,0,0,D,M Dean,20.0,4.0,11.0,22.0,1.66666666667,0.4,0.916666666667,2.2,25.0,1.0,2.08333333333,0.1,24.0,33.0,1.09090909091,1.5,26.0,1.18181818182,16.0,8.0,13.0,24.0,1.45454545455,0.727272727273,1.18181818182,2.18181818182,18.0,3.0,1.63636363636,0.272727272727,24.0,37.0,1.09090909091,1.68181818182,21.0,0.954545454545
223,31/01/17,Liverpool,Chelsea,1,1,D,0,1,A,M Clattenburg,28.0,23.0,10.0,17.0,2.8,1.91666666667,1.0,1.41666666667,23.0,22.0,2.3,1.83333333333,51.0,27.0,2.31818181818,1.22727272727,45.0,2.04545454545,30.0,17.0,6.0,9.0,2.72727272727,1.54545454545,0.545454545455,0.818181818182,30.0,25.0,2.72727272727,2.27272727273,47.0,15.0,2.13636363636,0.681818181818,55.0,2.5
224,31/01/17,Middlesbrough,West Brom,1,1,D,1,1,D,S Attwell,10.0,8.0,13.0,12.0,0.909090909091,0.727272727273,1.18181818182,1.09090909091,11.0,9.0,1.0,0.818181818182,18.0,25.0,0.818181818182,1.13636363636,20.0,0.909090909091,21.0,9.0,14.0,14.0,1.90909090909,0.818181818182,1.27272727273,1.27272727273,20.0,12.0,1.81818181818,1.09090909091,30.0,28.0,1.36363636364,1.27272727273,32.0,1.45454545455
225,31/01/17,Sunderland,Tottenham,0,0,D,0,0,D,L Mason,14.0,6.0,20.0,22.0,1.27272727273,0.545454545455,1.81818181818,2.0,11.0,4.0,1.0,0.363636363636,20.0,42.0,0.909090909091,1.90909090909,15.0,0.681818181818,25.0,20.0,5.0,11.0,2.27272727273,1.81818181818,0.454545454545,1.0,29.0,17.0,2.63636363636,1.54545454545,45.0,16.0,2.04545454545,0.727272727273,46.0,2.09090909091
226,31/01/17,Swansea,Southampton,2,1,H,1,0,H,R East,14.0,12.0,27.0,24.0,1.27272727273,1.09090909091,2.45454545455,2.18181818182,8.0,10.0,0.727272727273,0.909090909091,26.0,51.0,1.18181818182,2.31818181818,18.0,0.818181818182,13.0,9.0,11.0,15.0,1.18181818182,0.818181818182,1.0,1.36363636364,18.0,9.0,1.63636363636,0.818181818182,22.0,26.0,1.0,1.18181818182,27.0,1.22727272727
227,01/02/17,Man United,Hull,0,0,D,0,0,D,M Jones,17.0,16.0,9.0,12.0,1.54545454545,1.45454545455,0.818181818182,1.09090909091,20.0,21.0,1.81818181818,1.90909090909,33.0,21.0,1.5,0.954545454545,41.0,1.86363636364,14.0,6.0,21.0,26.0,1.27272727273,0.545454545455,1.90909090909,2.36363636364,12.0,4.0,1.09090909091,0.363636363636,20.0,47.0,0.909090909091,2.13636363636,16.0,0.727272727273
228,01/02/17,Stoke,Everton,1,1,D,1,1,D,C Pawson,14.0,14.0,14.0,20.0,1.27272727273,1.27272727273,1.27272727273,1.81818181818,16.0,12.0,1.45454545455,1.09090909091,28.0,34.0,1.27272727273,1.54545454545,28.0,1.27272727273,19.0,14.0,7.0,16.0,1.72727272727,1.27272727273,0.636363636364,1.45454545455,22.0,14.0,2.0,1.27272727273,33.0,23.0,1.5,1.04545454545,36.0,1.63636363636
229,01/02/17,West Ham,Man City,0,4,A,0,3,A,K Friend,12.0,17.0,16.0,20.0,1.09090909091,1.54545454545,1.45454545455,1.81818181818,17.0,11.0,1.54545454545,1.0,29.0,36.0,1.31818181818,1.63636363636,28.0,1.27272727273,21.0,22.0,12.0,16.0,1.90909090909,2.0,1.09090909091,1.45454545455,22.0,21.0,2.0,1.90909090909,43.0,28.0,1.95454545455,1.27272727273,43.0,1.95454545455
230,04/02/17,Chelsea,Arsenal,3,1,H,1,0,H,M Atkinson,30.0,18.0,6.0,10.0,2.72727272727,1.5,0.545454545455,0.833333333333,30.0,26.0,2.72727272727,2.16666666667,48.0,16.0,2.08695652174,0.695652173913,56.0,2.4347826087,24.0,27.0,13.0,12.0,2.0,2.45454545455,1.08333333333,1.09090909091,26.0,21.0,2.16666666667,1.90909090909,51.0,25.0,2.21739130435,1.08695652174,47.0,2.04347826087
231,04/02/17,Crystal Palace,Sunderland,0,4,A,0,4,A,A Marriner,13.0,19.0,16.0,25.0,1.18181818182,1.58333333333,1.45454545455,2.08333333333,7.0,12.0,0.636363636364,1.0,32.0,41.0,1.39130434783,1.78260869565,19.0,0.826086956522,14.0,6.0,20.0,22.0,1.16666666667,0.545454545455,1.66666666667,2.0,12.0,4.0,1.0,0.363636363636,20.0,42.0,0.869565217391,1.82608695652,16.0,0.695652173913
232,04/02/17,Everton,Bournemouth,6,3,H,3,0,H,M Jones,19.0,15.0,7.0,17.0,1.72727272727,1.25,0.636363636364,1.41666666667,22.0,15.0,2.0,1.25,34.0,24.0,1.47826086957,1.04347826087,37.0,1.60869565217,21.0,11.0,19.0,22.0,1.75,1.0,1.58333333333,2.0,18.0,8.0,1.5,0.727272727273,32.0,41.0,1.39130434783,1.78260869565,26.0,1.13043478261
233,04/02/17,Hull,Liverpool,2,0,H,1,0,H,L Mason,14.0,6.0,21.0,26.0,1.27272727273,0.5,1.90909090909,2.16666666667,12.0,5.0,1.09090909091,0.416666666667,20.0,47.0,0.869565217391,2.04347826087,17.0,0.739130434783,29.0,23.0,11.0,17.0,2.63636363636,1.91666666667,1.0,1.41666666667,24.0,22.0,2.18181818182,1.83333333333,52.0,28.0,2.26086956522,1.21739130435,46.0,2.0
234,04/02/17,Southampton,West Ham,1,3,A,1,2,A,G Scott,13.0,10.0,11.0,17.0,1.18181818182,0.833333333333,1.0,1.41666666667,18.0,9.0,1.63636363636,0.75,23.0,28.0,1.0,1.21739130435,27.0,1.17391304348,12.0,17.0,20.0,20.0,1.0,1.54545454545,1.66666666667,1.81818181818,17.0,11.0,1.41666666667,1.0,29.0,40.0,1.26086956522,1.73913043478,28.0,1.21739130435
235,04/02/17,Tottenham,Middlesbrough,1,0,H,0,0,D,M Clattenburg,25.0,20.0,5.0,11.0,2.27272727273,1.66666666667,0.454545454545,0.916666666667,29.0,18.0,2.63636363636,1.5,45.0,16.0,1.95652173913,0.695652173913,47.0,2.04347826087,11.0,8.0,14.0,12.0,0.916666666667,0.727272727273,1.16666666667,1.09090909091,12.0,9.0,1.0,0.818181818182,19.0,26.0,0.826086956522,1.13043478261,21.0,0.913043478261
236,04/02/17,Watford,Burnley,2,1,H,2,0,H,M Oliver,15.0,12.0,17.0,22.0,1.36363636364,1.0,1.54545454545,1.83333333333,15.0,12.0,1.36363636364,1.0,27.0,39.0,1.17391304348,1.69565217391,27.0,1.17391304348,21.0,4.0,11.0,22.0,1.61538461538,0.4,0.846153846154,2.2,28.0,1.0,2.15384615385,0.1,25.0,33.0,1.08695652174,1.4347826087,29.0,1.26086956522
237,04/02/17,West Brom,Stoke,1,0,H,1,0,H,K Friend,21.0,10.0,14.0,15.0,1.90909090909,0.833333333333,1.27272727273,1.25,20.0,13.0,1.81818181818,1.08333333333,31.0,29.0,1.34782608696,1.26086956522,33.0,1.4347826087,15.0,14.0,15.0,20.0,1.25,1.27272727273,1.25,1.81818181818,17.0,12.0,1.41666666667,1.09090909091,29.0,35.0,1.26086956522,1.52173913043,29.0,1.26086956522
238,05/02/17,Leicester,Man United,0,3,A,0,2,A,A Taylor,16.0,8.0,13.0,25.0,1.45454545455,0.666666666667,1.18181818182,2.08333333333,18.0,3.0,1.63636363636,0.25,24.0,38.0,1.04347826087,1.65217391304,21.0,0.913043478261,17.0,16.0,9.0,12.0,1.41666666667,1.45454545455,0.75,1.09090909091,21.0,21.0,1.75,1.90909090909,33.0,21.0,1.4347826087,0.913043478261,42.0,1.82608695652
239,05/02/17,Man City,Swansea,2,1,H,1,0,H,M Dean,21.0,26.0,12.0,16.0,1.90909090909,2.16666666667,1.09090909091,1.33333333333,22.0,24.0,2.0,2.0,47.0,28.0,2.04347826087,1.21739130435,46.0,2.0,16.0,12.0,28.0,24.0,1.33333333333,1.09090909091,2.33333333333,2.18181818182,11.0,10.0,0.916666666667,0.909090909091,28.0,52.0,1.21739130435,2.26086956522,21.0,0.913043478261
240,11/02/17,Arsenal,Hull,2,0,H,1,0,H,M Clattenburg,24.0,28.0,13.0,15.0,2.0,2.33333333333,1.08333333333,1.25,26.0,21.0,2.16666666667,1.75,52.0,28.0,2.16666666667,1.16666666667,47.0,1.95833333333,16.0,6.0,21.0,26.0,1.33333333333,0.5,1.75,2.16666666667,15.0,5.0,1.25,0.416666666667,22.0,47.0,0.916666666667,1.95833333333,20.0,0.833333333333
241,11/02/17,Liverpool,Tottenham,2,0,H,2,0,H,A Taylor,29.0,23.0,11.0,19.0,2.63636363636,1.76923076923,1.0,1.46153846154,24.0,22.0,2.18181818182,1.69230769231,52.0,30.0,2.16666666667,1.25,46.0,1.91666666667,26.0,20.0,5.0,11.0,2.16666666667,1.66666666667,0.416666666667,0.916666666667,32.0,18.0,2.66666666667,1.5,46.0,16.0,1.91666666667,0.666666666667,50.0,2.08333333333
242,11/02/17,Man United,Watford,2,0,H,1,0,H,R Madley,17.0,19.0,9.0,12.0,1.41666666667,1.58333333333,0.75,1.0,21.0,24.0,1.75,2.0,36.0,21.0,1.5,0.875,45.0,1.875,17.0,12.0,18.0,22.0,1.41666666667,1.0,1.5,1.83333333333,18.0,12.0,1.5,1.0,29.0,40.0,1.20833333333,1.66666666667,30.0,1.25
243,11/02/17,Middlesbrough,Everton,0,0,D,0,0,D,M Dean,11.0,8.0,14.0,13.0,0.916666666667,0.666666666667,1.16666666667,1.08333333333,12.0,9.0,1.0,0.75,19.0,27.0,0.791666666667,1.125,21.0,0.875,25.0,15.0,10.0,17.0,2.08333333333,1.25,0.833333333333,1.41666666667,25.0,15.0,2.08333333333,1.25,40.0,27.0,1.66666666667,1.125,40.0,1.66666666667
244,11/02/17,Stoke,Crystal Palace,1,0,H,0,0,D,M Atkinson,15.0,14.0,15.0,21.0,1.25,1.16666666667,1.25,1.75,17.0,12.0,1.41666666667,1.0,29.0,36.0,1.20833333333,1.5,29.0,1.20833333333,13.0,19.0,20.0,25.0,1.08333333333,1.58333333333,1.66666666667,2.08333333333,7.0,12.0,0.583333333333,1.0,32.0,45.0,1.33333333333,1.875,19.0,0.791666666667
245,11/02/17,Sunderland,Southampton,0,4,A,0,2,A,P Tierney,14.0,10.0,20.0,22.0,1.16666666667,0.833333333333,1.66666666667,1.83333333333,12.0,7.0,1.0,0.583333333333,24.0,42.0,1.0,1.75,19.0,0.791666666667,14.0,10.0,14.0,17.0,1.16666666667,0.833333333333,1.16666666667,1.41666666667,18.0,9.0,1.5,0.75,24.0,31.0,1.0,1.29166666667,27.0,1.125
246,11/02/17,West Ham,West Brom,2,2,D,0,1,A,M Oliver,12.0,20.0,20.0,21.0,1.0,1.66666666667,1.66666666667,1.75,17.0,14.0,1.41666666667,1.16666666667,32.0,41.0,1.33333333333,1.70833333333,31.0,1.29166666667,22.0,10.0,14.0,15.0,1.83333333333,0.833333333333,1.16666666667,1.25,23.0,13.0,1.91666666667,1.08333333333,32.0,29.0,1.33333333333,1.20833333333,36.0,1.5
247,12/02/17,Burnley,Chelsea,1,1,D,1,1,D,K Friend,21.0,5.0,11.0,24.0,1.61538461538,0.454545454545,0.846153846154,2.18181818182,28.0,1.0,2.15384615385,0.0909090909091,26.0,35.0,1.08333333333,1.45833333333,29.0,1.20833333333,33.0,18.0,7.0,10.0,2.75,1.5,0.583333333333,0.833333333333,33.0,26.0,2.75,2.16666666667,51.0,17.0,2.125,0.708333333333,59.0,2.45833333333
248,12/02/17,Swansea,Leicester,2,0,H,2,0,H,J Moss,16.0,13.0,28.0,26.0,1.33333333333,1.08333333333,2.33333333333,2.16666666667,11.0,10.0,0.916666666667,0.833333333333,29.0,54.0,1.20833333333,2.25,21.0,0.875,16.0,8.0,16.0,25.0,1.33333333333,0.666666666667,1.33333333333,2.08333333333,18.0,3.0,1.5,0.25,24.0,41.0,1.0,1.70833333333,21.0,0.875
249,13/02/17,Bournemouth,Man City,0,2,A,0,1,A,N Swarbrick,21.0,14.0,19.0,28.0,1.75,1.16666666667,1.58333333333,2.33333333333,18.0,8.0,1.5,0.666666666667,35.0,47.0,1.45833333333,1.95833333333,26.0,1.08333333333,23.0,26.0,13.0,16.0,1.91666666667,2.16666666667,1.08333333333,1.33333333333,25.0,24.0,2.08333333333,2.0,49.0,29.0,2.04166666667,1.20833333333,49.0,2.04166666667
250,25/02/17,Chelsea,Swansea,3,1,H,1,1,D,N Swarbrick,33.0,19.0,7.0,11.0,2.75,1.46153846154,0.583333333333,0.846153846154,33.0,27.0,2.75,2.07692307692,52.0,18.0,2.08,0.72,60.0,2.4,18.0,13.0,28.0,26.0,1.38461538462,1.08333333333,2.15384615385,2.16666666667,14.0,10.0,1.07692307692,0.833333333333,31.0,54.0,1.24,2.16,24.0,0.96
251,25/02/17,Crystal Palace,Middlesbrough,1,0,H,1,0,H,R Madley,13.0,19.0,20.0,26.0,1.08333333333,1.46153846154,1.66666666667,2.0,7.0,12.0,0.583333333333,0.923076923077,32.0,46.0,1.28,1.84,19.0,0.76,11.0,8.0,14.0,13.0,0.846153846154,0.666666666667,1.07692307692,1.08333333333,13.0,9.0,1.0,0.75,19.0,27.0,0.76,1.08,22.0,0.88
252,25/02/17,Everton,Sunderland,2,0,H,1,0,H,S Attwell,25.0,15.0,10.0,17.0,2.08333333333,1.15384615385,0.833333333333,1.30769230769,25.0,16.0,2.08333333333,1.23076923077,40.0,27.0,1.6,1.08,41.0,1.64,14.0,10.0,24.0,22.0,1.07692307692,0.833333333333,1.84615384615,1.83333333333,12.0,7.0,0.923076923077,0.583333333333,24.0,46.0,0.96,1.84,19.0,0.76
253,25/02/17,Hull,Burnley,1,1,D,0,0,D,M Atkinson,16.0,6.0,21.0,28.0,1.33333333333,0.461538461538,1.75,2.15384615385,15.0,5.0,1.25,0.384615384615,22.0,49.0,0.88,1.96,20.0,0.8,22.0,5.0,12.0,24.0,1.57142857143,0.454545454545,0.857142857143,2.18181818182,29.0,1.0,2.07142857143,0.0909090909091,27.0,36.0,1.08,1.44,30.0,1.2
254,25/02/17,Watford,West Ham,1,1,D,1,0,H,C Pawson,17.0,12.0,18.0,24.0,1.41666666667,0.923076923077,1.5,1.84615384615,18.0,12.0,1.5,0.923076923077,29.0,42.0,1.16,1.68,30.0,1.2,14.0,20.0,22.0,21.0,1.07692307692,1.66666666667,1.69230769231,1.75,18.0,14.0,1.38461538462,1.16666666667,34.0,43.0,1.36,1.72,32.0,1.28
255,25/02/17,West Brom,Bournemouth,2,1,H,2,1,H,M Clattenburg,22.0,12.0,14.0,17.0,1.83333333333,0.923076923077,1.16666666667,1.30769230769,23.0,14.0,1.91666666667,1.07692307692,34.0,31.0,1.36,1.24,37.0,1.48,21.0,14.0,21.0,28.0,1.61538461538,1.16666666667,1.61538461538,2.33333333333,18.0,8.0,1.38461538462,0.666666666667,35.0,49.0,1.4,1.96,26.0,1.04
256,26/02/17,Tottenham,Stoke,4,0,H,4,0,H,J Moss,26.0,20.0,5.0,13.0,2.16666666667,1.53846153846,0.416666666667,1.0,32.0,18.0,2.66666666667,1.38461538462,46.0,18.0,1.84,0.72,50.0,2.0,16.0,14.0,15.0,21.0,1.23076923077,1.16666666667,1.15384615385,1.75,20.0,12.0,1.53846153846,1.0,30.0,36.0,1.2,1.44,32.0,1.28
257,27/02/17,Leicester,Liverpool,3,1,H,2,0,H,M Oliver,16.0,8.0,16.0,27.0,1.33333333333,0.615384615385,1.33333333333,2.07692307692,18.0,3.0,1.5,0.230769230769,24.0,43.0,0.96,1.72,21.0,0.84,31.0,23.0,11.0,19.0,2.58333333333,1.76923076923,0.916666666667,1.46153846154,27.0,22.0,2.25,1.69230769231,54.0,30.0,2.16,1.2,49.0,1.96
258,04/03/17,Leicester,Hull,3,1,H,1,1,D,M Dean,19.0,8.0,17.0,27.0,1.46153846154,0.615384615385,1.30769230769,2.07692307692,21.0,3.0,1.61538461538,0.230769230769,27.0,44.0,1.03846153846,1.69230769231,24.0,0.923076923077,17.0,6.0,22.0,28.0,1.30769230769,0.461538461538,1.69230769231,2.15384615385,16.0,5.0,1.23076923077,0.384615384615,23.0,50.0,0.884615384615,1.92307692308,21.0,0.807692307692
259,04/03/17,Liverpool,Arsenal,3,1,H,2,0,H,R Madley,31.0,24.0,11.0,22.0,2.58333333333,1.71428571429,0.916666666667,1.57142857143,27.0,22.0,2.25,1.57142857143,55.0,33.0,2.11538461538,1.26923076923,49.0,1.88461538462,26.0,28.0,13.0,15.0,2.0,2.33333333333,1.0,1.25,29.0,21.0,2.23076923077,1.75,54.0,28.0,2.16,1.12,50.0,2.0
260,04/03/17,Man United,Bournemouth,1,1,D,1,1,D,K Friend,19.0,19.0,9.0,12.0,1.46153846154,1.58333333333,0.692307692308,1.0,24.0,24.0,1.84615384615,2.0,38.0,21.0,1.52,0.84,48.0,1.92,21.0,15.0,21.0,30.0,1.61538461538,1.15384615385,1.61538461538,2.30769230769,18.0,8.0,1.38461538462,0.615384615385,36.0,51.0,1.38461538462,1.96153846154,26.0,1.0
261,04/03/17,Stoke,Middlesbrough,2,0,H,2,0,H,C Pawson,16.0,14.0,15.0,25.0,1.23076923077,1.07692307692,1.15384615385,1.92307692308,20.0,12.0,1.53846153846,0.923076923077,30.0,40.0,1.15384615385,1.53846153846,32.0,1.23076923077,11.0,8.0,14.0,14.0,0.846153846154,0.615384615385,1.07692307692,1.07692307692,13.0,9.0,1.0,0.692307692308,19.0,28.0,0.730769230769,1.07692307692,22.0,0.846153846154
262,04/03/17,Swansea,Burnley,3,2,H,1,1,D,A Taylor,18.0,14.0,28.0,29.0,1.38461538462,1.07692307692,2.15384615385,2.23076923077,14.0,10.0,1.07692307692,0.769230769231,32.0,57.0,1.23076923077,2.19230769231,24.0,0.923076923077,22.0,6.0,12.0,25.0,1.57142857143,0.5,0.857142857143,2.08333333333,29.0,2.0,2.07142857143,0.166666666667,28.0,37.0,1.07692307692,1.42307692308,31.0,1.19230769231
263,04/03/17,Watford,Southampton,3,4,A,1,2,A,J Moss,18.0,12.0,19.0,24.0,1.38461538462,0.923076923077,1.46153846154,1.84615384615,19.0,12.0,1.46153846154,0.923076923077,30.0,43.0,1.15384615385,1.65384615385,31.0,1.19230769231,14.0,14.0,14.0,17.0,1.16666666667,1.07692307692,1.16666666667,1.30769230769,18.0,12.0,1.5,0.923076923077,28.0,31.0,1.12,1.24,30.0,1.2
264,04/03/17,West Brom,Crystal Palace,0,2,A,0,0,D,M Jones,24.0,12.0,15.0,17.0,1.84615384615,0.923076923077,1.15384615385,1.30769230769,26.0,14.0,2.0,1.07692307692,36.0,32.0,1.38461538462,1.23076923077,40.0,1.53846153846,14.0,19.0,20.0,26.0,1.07692307692,1.46153846154,1.53846153846,2.0,10.0,12.0,0.769230769231,0.923076923077,33.0,46.0,1.26923076923,1.76923076923,22.0,0.846153846154
265,05/03/17,Sunderland,Man City,0,2,A,0,1,A,M Atkinson,14.0,10.0,24.0,24.0,1.07692307692,0.769230769231,1.84615384615,1.84615384615,12.0,7.0,0.923076923077,0.538461538462,24.0,48.0,0.923076923077,1.84615384615,19.0,0.730769230769,23.0,28.0,13.0,16.0,1.91666666667,2.15384615385,1.08333333333,1.23076923077,25.0,27.0,2.08333333333,2.07692307692,51.0,29.0,2.04,1.16,52.0,2.08
266,05/03/17,Tottenham,Everton,3,2,H,1,0,H,M Oliver,30.0,20.0,5.0,13.0,2.30769230769,1.53846153846,0.384615384615,1.0,35.0,18.0,2.69230769231,1.38461538462,50.0,18.0,1.92307692308,0.692307692308,53.0,2.03846153846,27.0,15.0,10.0,17.0,2.07692307692,1.15384615385,0.769230769231,1.30769230769,28.0,16.0,2.15384615385,1.23076923077,42.0,27.0,1.61538461538,1.03846153846,44.0,1.69230769231
267,06/03/17,West Ham,Chelsea,1,2,A,0,1,A,A Marriner,14.0,21.0,22.0,22.0,1.07692307692,1.61538461538,1.69230769231,1.69230769231,18.0,15.0,1.38461538462,1.15384615385,35.0,44.0,1.34615384615,1.69230769231,33.0,1.26923076923,36.0,19.0,8.0,11.0,2.76923076923,1.46153846154,0.615384615385,0.846153846154,36.0,27.0,2.76923076923,2.07692307692,55.0,19.0,2.11538461538,0.730769230769,63.0,2.42307692308
268,08/03/17,Man City,Stoke,0,0,D,0,0,D,N Swarbrick,23.0,30.0,13.0,16.0,1.91666666667,2.14285714286,1.08333333333,1.14285714286,25.0,30.0,2.08333333333,2.14285714286,53.0,29.0,2.03846153846,1.11538461538,55.0,2.11538461538,18.0,14.0,15.0,25.0,1.28571428571,1.07692307692,1.07142857143,1.92307692308,23.0,12.0,1.64285714286,0.923076923077,32.0,40.0,1.18518518519,1.48148148148,35.0,1.2962962963
269,11/03/17,Bournemouth,West Ham,3,2,H,1,1,D,R Madley,21.0,16.0,21.0,31.0,1.61538461538,1.14285714286,1.61538461538,2.21428571429,18.0,9.0,1.38461538462,0.642857142857,37.0,52.0,1.37037037037,1.92592592593,27.0,1.0,15.0,21.0,24.0,22.0,1.07142857143,1.61538461538,1.71428571429,1.69230769231,18.0,15.0,1.28571428571,1.15384615385,36.0,46.0,1.33333333333,1.7037037037,33.0,1.22222222222
270,11/03/17,Everton,West Brom,3,0,H,2,0,H,G Scott,27.0,17.0,10.0,20.0,2.07692307692,1.21428571429,0.769230769231,1.42857142857,28.0,16.0,2.15384615385,1.14285714286,44.0,30.0,1.62962962963,1.11111111111,44.0,1.62962962963,24.0,12.0,17.0,17.0,1.71428571429,0.923076923077,1.21428571429,1.30769230769,26.0,14.0,1.85714285714,1.07692307692,36.0,34.0,1.33333333333,1.25925925926,40.0,1.48148148148
271,11/03/17,Hull,Swansea,2,1,H,0,0,D,A Marriner,17.0,7.0,22.0,31.0,1.30769230769,0.5,1.69230769231,2.21428571429,16.0,5.0,1.23076923077,0.357142857143,24.0,53.0,0.888888888889,1.96296296296,21.0,0.777777777778,21.0,14.0,30.0,29.0,1.5,1.07692307692,2.14285714286,2.23076923077,17.0,10.0,1.21428571429,0.769230769231,35.0,59.0,1.2962962963,2.18518518519,27.0,1.0
272,12/03/17,Liverpool,Burnley,2,1,H,1,1,D,C Pawson,34.0,24.0,12.0,22.0,2.61538461538,1.71428571429,0.923076923077,1.57142857143,30.0,22.0,2.30769230769,1.57142857143,58.0,34.0,2.14814814815,1.25925925926,52.0,1.92592592593,22.0,8.0,12.0,28.0,1.57142857143,0.615384615385,0.857142857143,2.15384615385,29.0,2.0,2.07142857143,0.153846153846,30.0,40.0,1.11111111111,1.48148148148,31.0,1.14814814815
273,18/03/17,Bournemouth,Swansea,2,0,H,1,0,H,M Dean,24.0,16.0,23.0,31.0,1.71428571429,1.14285714286,1.64285714286,2.21428571429,21.0,9.0,1.5,0.642857142857,40.0,54.0,1.42857142857,1.92857142857,30.0,1.07142857143,21.0,15.0,30.0,31.0,1.5,1.07142857143,2.14285714286,2.21428571429,17.0,10.0,1.21428571429,0.714285714286,36.0,61.0,1.28571428571,2.17857142857,27.0,0.964285714286
274,18/03/17,Crystal Palace,Watford,1,0,H,0,0,D,M Atkinson,14.0,21.0,20.0,26.0,1.07692307692,1.5,1.53846153846,1.85714285714,10.0,15.0,0.769230769231,1.07142857143,35.0,46.0,1.2962962963,1.7037037037,25.0,0.925925925926,21.0,12.0,23.0,24.0,1.5,0.923076923077,1.64285714286,1.84615384615,19.0,12.0,1.35714285714,0.923076923077,33.0,47.0,1.22222222222,1.74074074074,31.0,1.14814814815
275,18/03/17,Everton,Hull,4,0,H,1,0,H,P Tierney,30.0,17.0,10.0,20.0,2.14285714286,1.21428571429,0.714285714286,1.42857142857,31.0,16.0,2.21428571429,1.14285714286,47.0,30.0,1.67857142857,1.07142857143,47.0,1.67857142857,19.0,7.0,23.0,31.0,1.35714285714,0.5,1.64285714286,2.21428571429,19.0,5.0,1.35714285714,0.357142857143,26.0,54.0,0.928571428571,1.92857142857,24.0,0.857142857143
276,18/03/17,Stoke,Chelsea,1,2,A,1,1,D,A Taylor,18.0,14.0,15.0,25.0,1.28571428571,1.0,1.07142857143,1.78571428571,23.0,13.0,1.64285714286,0.928571428571,32.0,40.0,1.14285714286,1.42857142857,36.0,1.28571428571,36.0,21.0,8.0,12.0,2.76923076923,1.5,0.615384615385,0.857142857143,36.0,30.0,2.76923076923,2.14285714286,57.0,20.0,2.11111111111,0.740740740741,66.0,2.44444444444
277,18/03/17,Sunderland,Burnley,0,0,D,0,0,D,R Madley,14.0,10.0,26.0,24.0,1.0,0.769230769231,1.85714285714,1.84615384615,12.0,7.0,0.857142857143,0.538461538462,24.0,50.0,0.888888888889,1.85185185185,19.0,0.703703703704,22.0,9.0,12.0,30.0,1.57142857143,0.642857142857,0.857142857143,2.14285714286,29.0,2.0,2.07142857143,0.142857142857,31.0,42.0,1.10714285714,1.5,31.0,1.10714285714
278,18/03/17,West Brom,Arsenal,3,1,H,1,1,D,N Swarbrick,24.0,12.0,17.0,20.0,1.71428571429,0.857142857143,1.21428571429,1.42857142857,26.0,14.0,1.85714285714,1.0,36.0,37.0,1.28571428571,1.32142857143,40.0,1.42857142857,26.0,29.0,13.0,18.0,2.0,2.23076923077,1.0,1.38461538462,29.0,21.0,2.23076923077,1.61538461538,55.0,31.0,2.11538461538,1.19230769231,50.0,1.92307692308
279,18/03/17,West Ham,Leicester,2,3,A,1,3,A,R East,15.0,23.0,24.0,25.0,1.07142857143,1.64285714286,1.71428571429,1.78571428571,18.0,15.0,1.28571428571,1.07142857143,38.0,49.0,1.35714285714,1.75,33.0,1.17857142857,22.0,8.0,18.0,27.0,1.57142857143,0.615384615385,1.28571428571,2.07692307692,24.0,3.0,1.71428571429,0.230769230769,30.0,45.0,1.11111111111,1.66666666667,27.0,1.0
280,19/03/17,Man City,Liverpool,1,1,D,0,0,D,M Oliver,23.0,30.0,13.0,16.0,1.76923076923,2.14285714286,1.0,1.14285714286,26.0,30.0,2.0,2.14285714286,53.0,29.0,1.96296296296,1.07407407407,56.0,2.07407407407,36.0,24.0,13.0,22.0,2.57142857143,1.71428571429,0.928571428571,1.57142857143,33.0,22.0,2.35714285714,1.57142857143,60.0,35.0,2.14285714286,1.25,55.0,1.96428571429
281,19/03/17,Middlesbrough,Man United,1,3,A,0,1,A,J Moss,11.0,8.0,14.0,16.0,0.846153846154,0.571428571429,1.07692307692,1.14285714286,13.0,9.0,1.0,0.642857142857,19.0,30.0,0.703703703704,1.11111111111,22.0,0.814814814815,20.0,19.0,10.0,12.0,1.42857142857,1.58333333333,0.714285714286,1.0,25.0,24.0,1.78571428571,2.0,39.0,22.0,1.5,0.846153846154,49.0,1.88461538462
282,19/03/17,Tottenham,Southampton,2,1,H,2,0,H,A Marriner,33.0,20.0,7.0,13.0,2.35714285714,1.53846153846,0.5,1.0,38.0,18.0,2.71428571429,1.38461538462,53.0,20.0,1.96296296296,0.740740740741,56.0,2.07407407407,14.0,18.0,14.0,20.0,1.16666666667,1.28571428571,1.16666666667,1.42857142857,18.0,15.0,1.5,1.07142857143,32.0,34.0,1.23076923077,1.30769230769,33.0,1.26923076923
